,price,session_sigma_pct,full@0.25%,micro@0.25%,full@0.50%,micro@0.50%,full@1.00%,micro@1.00%,full@2.00%,micro@2.00%,full@3.00%,micro@3.00%,micro
ES,7812.75,0.6147985293444079,1.0399171608566553,10.399171608566553,2.0798343217133106,20.798343217133105,4.159668643426621,41.59668643426621,8.319337286853242,83.19337286853242,12.479005930279863,124.79005930279862,MES
NQ,31216.0,0.954057549326057,0.41929885531737227,4.1929885531737225,0.8385977106347445,8.385977106347445,1.677195421269489,16.77195421269489,3.354390842538978,33.54390842538978,5.031586263808467,50.315862638084674,MNQ
RTY,2864.0,0.9039391879114919,1.9294043992490608,19.294043992490607,3.8588087984981216,38.588087984981215,7.717617596996243,77.17617596996243,15.435235193992487,154.35235193992486,23.15285279098873,231.5285279098873,M2K
YM,51460.0,0.7109884437031999,1.365221656453409,13.65221656453409,2.730443312906818,27.30443312906818,5.460886625813636,54.60886625813636,10.921773251627272,109.21773251627272,16.382659877440908,163.8265987744091,MYM
ZB,101.875,0.7180074157803106,3.4143571339956558,,6.8287142679913115,,13.657428535982623,,27.314857071965246,,40.97228560794787,,-
ZN,104.078125,0.391184977417543,6.1342838612597115,,12.268567722519423,,24.537135445038846,,49.07427089007769,,73.61140633511654,,-
CL,90.18000030517578,2.7321369683214374,1.013661137996952,10.13661137996952,2.027322275993904,20.27322275993904,4.054644551987808,40.54644551987808,8.109289103975616,81.09289103975615,12.163933655963422,121.63933655963424,MCL
NG,3.065999984741211,2.299460783869804,3.542479463568781,35.42479463568781,7.084958927137562,70.84958927137562,14.169917854275123,141.69917854275124,28.339835708550247,283.3983570855025,42.50975356282537,425.0975356282537,MNG
HG,6.648499965667725,1.4248893298654572,1.054534233970966,10.545342339709661,2.109068467941932,21.090684679419322,4.218136935883864,42.181369358838644,8.436273871767728,84.36273871767729,12.654410807651592,126.54410807651593,MHG
6E,1.1238000392913818,0.3751582266132964,4.739057375178183,47.39057375178183,9.478114750356365,94.78114750356366,18.95622950071273,189.56229500712732,37.91245900142546,379.12459001425464,56.868688502138184,568.686885021382,M6E
6B,1.3212000131607056,0.33191251408652606,9.112410657245288,91.12410657245287,18.224821314490576,182.24821314490575,36.44964262898115,364.4964262898115,72.8992852579623,728.992852579623,109.34892788694344,1093.4892788694344,M6B
6J,0.0063625001348555,0.48095560764677664,6.529240812725744,65.29240812725743,13.058481625451488,130.58481625451486,26.116963250902977,261.1696325090297,52.23392650180595,522.3392650180595,78.35088975270892,783.5088975270892,MJY
