,as of,above EMA200,12m return,direction,contracts,micro,micro contracts,notional $,annual vol %
ES,2026-10-05,True,12.6,LONG,0.9,MES,9.0,362137,11.9
NQ,2026-10-05,True,21.7,LONG,0.3,MNQ,3.0,212095,20.4
RTY,2026-10-05,True,14.9,LONG,1.9,M2K,19.0,271631,15.9
YM,2026-10-05,True,8.0,LONG,1.4,MYM,14.0,354769,12.2
ZB,2026-10-05,False,-14.8,SHORT,-4.8,-,,490188,8.8
ZN,2026-10-05,False,-9.0,SHORT,-8.9,-,,923815,4.7
CL,2026-10-05,True,50.0,LONG,0.9,MCL,9.0,81751,52.9
NG,2026-10-05,True,43.8,LONG,2.7,MNG,27.0,83388,51.9
HG,2026-10-05,True,33.3,LONG,1.0,MHG,10.0,172997,25.0
6E,2026-10-05,False,-4.9,SHORT,-6.0,M6E,-60.0,843641,5.1
6B,2026-10-05,False,-2.3,SHORT,-9.3,M6B,-93.0,764206,5.7
6J,2026-10-05,False,-8.1,SHORT,-5.9,MJY,-59.0,465393,9.3
SB,2026-10-05,True,14.1,LONG,6.2,-,,143307,30.2
