,sharpe,ann_ret,max_dd,trades,trade_mean_R
M | 1.5sd | EMA20/EMA50 within 12 | hold 12,2.4755653305220173,0.02530196316739868,-0.005211409724899196,28.0,0.36289096833060464
M | 1.5sd | EMA20/EMA50 within 3 | hold 12,2.1648544120780313,0.011079420792581897,-4.6860446505370135e-06,6.0,0.7415591165405344
M | 1.5sd | EMA20/EMA50 within 6 | hold 12,2.042194422825545,0.013534890724639623,-0.0038319127118517926,14.0,0.3882457316705016
M | 1.5sd | TEMA20/EMA100 within 6 | hold 46,1.982293617790549,0.026147165650044192,-0.0032029988742855453,13.0,0.807720745965956
W | 0.5sd | EMA20/EMA50 within 12 | hold 46,1.9596781098786238,0.09006171925933468,-0.017206971416238392,105.0,0.34445374108256493
M | 2.0sd | TEMA9/EMA50 within 6 | hold 23,1.8505477299724415,0.025883880595304932,-0.006140950262606859,19.0,0.5470861980461277
Q | 1.0sd | TEMA9/EMA50 within 6 | hold 23,1.8008724925719175,0.08052793638205019,-0.0314548234795643,173.0,0.18693061661307178
M | 1.5sd | TEMA20/EMA100 within 6 | hold 23,1.779623269540846,0.014878566759115324,-0.0038725575493328,13.0,0.4596187289445884
M | 1.0sd | EMA20/EMA50 within 3 | hold 12,1.7760215202918124,0.014016077811990393,-0.0028325291035834477,38.0,0.1481231280882861
W | 0.5sd | EMA20/EMA50 within 6 | hold 23,1.7044734032738047,0.027565514591298607,-0.007767344538031518,57.0,0.19420983546640339
M | 2.0sd | TEMA9/EMA50 within 3 | hold 23,1.6968771749062155,0.018838945563119432,-0.002281845153581319,8.0,0.9456851641803999
Q | 1.0sd | TEMA9/EMA50 within 6 | hold 12,1.687412358134062,0.059713403637660874,-0.012703272861848691,186.0,0.12892550879269674
Q | 1.5sd | TEMA9/EMA50 within 6 | hold 23,1.6483270671353671,0.0681366199698591,-0.02091339723129282,106.0,0.25813963540542606
M | 1.5sd | EMA20/EMA50 within 3 | hold 46,1.640471680090652,0.009274476670000163,-0.00212531730045018,6.0,0.6207520099232914
Q | 1.5sd | TEMA9/EMA50 within 6 | hold 12,1.5473593671153905,0.043431064133642,-0.01590994775581467,117.0,0.14907148590166092
M | 1.5sd | TEMA20/EMA100 within 12 | hold 46,1.5352007806693493,0.03269823713148608,-0.010551973845634888,29.0,0.4527998902170759
Q | 2.0sd | TEMA20/EMA100 within 6 | hold 46,1.5238786515456855,0.014078544830585767,-0.0016753295702890414,4.0,1.413441207197698
M | 1.0sd | EMA9/EMA21 within 6 | hold 12,1.5225361428080735,0.053496080590366264,-0.022058552385376906,259.0,0.08294728436209271
Q | 1.0sd | TEMA9/EMA50 within 3 | hold 23,1.5063795653118954,0.06390389892886537,-0.029348865099293242,137.0,0.18732112650912913
Q | 1.5sd | TEMA9/EMA50 within 12 | hold 23,1.4974073885463433,0.06689878529607732,-0.020191877118127532,141.0,0.19053689834411305
W | 1.5sd | EMA9/EMA21 within 3 | hold 23,1.4565042072742973,0.017167192366321284,-0.0040547211256287685,20.0,0.3447063229110544
M | 1.0sd | TEMA9/EMA50 within 6 | hold 23,1.4481007048415548,0.06979190658456826,-0.023872247622115372,259.0,0.10821445342830036
M | 1.5sd | EMA20/EMA50 within 6 | hold 23,1.4366653558156337,0.01395632783232523,-0.00704108264565817,14.0,0.4003345738750888
Q | 1.0sd | TEMA9/EMA50 within 3 | hold 12,1.4181808844615782,0.0443228095907315,-0.01231699798283159,149.0,0.11945958055241367
M | 2.0sd | EMA20/EMA50 within 3 | hold 23,1.4141616174069895,0.002789965614299108,0.0,1.0,1.1204147625677368
W | 0.5sd | EMA20/EMA50 within 6 | hold 46,1.4069538441350715,0.04490374683320195,-0.017206971416238503,56.0,0.3220138307483019
M | 2.0sd | TEMA20/EMA100 within 6 | hold 46,1.4056463584656131,0.013067305735059879,-0.001054137008435596,2.0,2.6238320245794835
M | 2.0sd | EMA20/EMA50 within 6 | hold 4,1.4024630440609203,0.0023277025040521902,0.0,2.0,0.46738788375016205
M | 2.0sd | EMA20/EMA50 within 3 | hold 46,1.4021848162985673,0.0031796359236781267,0.0,1.0,1.276901410619946
M | 1.5sd | EMA20/EMA50 within 12 | hold 23,1.3975555978494834,0.04343299797730517,-0.007697803575827944,28.0,0.6229335877697397
Q | 1.0sd | TEMA9/EMA50 within 6 | hold 46,1.3960326076446992,0.08250849176926553,-0.0438027204157837,149.0,0.22237827226615722
M | 1.0sd | TEMA9/EMA50 within 6 | hold 4,1.3734208394789567,0.029637362614647726,-0.01835352337795204,298.0,0.03993955865295554
M | 1.0sd | TEMA9/EMA50 within 6 | hold 12,1.3637291742924111,0.0531617716298944,-0.019520715405014877,281.0,0.07597541785213398
Q | 1.5sd | TEMA9/EMA50 within 12 | hold 12,1.3561442266337245,0.04124203113530384,-0.01539301695024431,158.0,0.10482453161776044
W | 1.5sd | TEMA20/EMA100 within 3 | hold 46,1.3430559916163631,0.04332995747540956,-0.005848551563029103,15.0,1.160050713362817
W | 1.5sd | TEMA20/EMA100 within 12 | hold 12,1.3273277631189313,0.024491087657017158,-0.009172388521294428,84.0,0.11708702148951894
Q | 2.0sd | TEMA20/EMA100 within 6 | hold 23,1.3260346732708812,0.006911502537440829,-0.0010331233763147818,4.0,0.6938929134811626
W | 0.5sd | EMA20/EMA50 within 12 | hold 23,1.3165292752108269,0.03553973882100069,-0.017070139432598608,108.0,0.13215099826151047
Q | 1.5sd | EMA9/EMA21 within 3 | hold 12,1.2998282933086884,0.022466583692597335,-0.00848898188984859,82.0,0.11002798440238337
W | 0.5sd | EMA20/EMA50 within 3 | hold 12,1.278847548523629,0.013601003758972925,-0.008534494974271167,34.0,0.1606467764248436
Q | 1.0sd | TEMA9/EMA50 within 3 | hold 46,1.266600718954797,0.07135496544993665,-0.04248568785662021,120.0,0.23879373358246
W | 2.0sd | EMA20/EMA50 within 6 | hold 4,1.258560622460537,0.008177947992491068,-0.0022113849137388453,9.0,0.3649066740917531
Q | 1.0sd | TEMA20/EMA100 within 3 | hold 46,1.256498854844609,0.02884945228305151,-0.01606847400186795,45.0,0.2574571932138283
M | 0.5sd | EMA9/EMA21 within 6 | hold 23,1.2479693296345251,0.07478358172463011,-0.05323635810913163,294.0,0.10215012512866546
M | 2.0sd | EMA20/EMA50 within 6 | hold 12,1.2320084732162377,0.0017737987562898075,-7.348890272651509e-06,2.0,0.3561675280486677
M | 2.0sd | EMA9/EMA21 within 3 | hold 4,1.2208518023047787,0.007225000601325428,-0.0027264134581361787,17.0,0.17067461737958292
M | 1.0sd | TEMA9/EMA50 within 12 | hold 12,1.2096466875789316,0.050294346955321936,-0.019702120676784673,389.0,0.051921776552399115
W | 2.0sd | EMA9/EMA21 within 12 | hold 12,1.1839282081865958,0.03677006960978551,-0.019258814943426628,159.0,0.09287039643881136
Q | 1.0sd | TEMA9/EMA50 within 12 | hold 12,1.1785340496248229,0.04390634128117918,-0.020590094405415704,249.0,0.07081216513124455
M | 1.0sd | EMA9/EMA21 within 3 | hold 12,1.1765672601244108,0.036463349311789225,-0.020324941531004725,185.0,0.0791525300376034
M | 1.5sd | EMA20/EMA50 within 3 | hold 23,1.1759159122861307,0.007365745471594805,-0.003778094268968246,6.0,0.4929983080194406
M | 1.5sd | EMA20/EMA50 within 3 | hold 4,1.1747876538930955,0.003938967663082755,-0.0005306516533246652,6.0,0.2636398991428405
W | 2.0sd | EMA20/EMA50 within 6 | hold 12,1.162192382613317,0.008493960011690007,-0.0031511822334090445,9.0,0.37900738676500384
Q | 1.5sd | EMA9/EMA21 within 12 | hold 23,1.15927353405804,0.05335438436474276,-0.028901366650870952,160.0,0.13391527028055475
W | 0.5sd | EMA20/EMA50 within 6 | hold 12,1.1483451375306324,0.01520507051138911,-0.011083228325530992,59.0,0.10349429215446448
W | 2.0sd | EMA9/EMA21 within 12 | hold 4,1.1301424720618056,0.03106029092752677,-0.011077441602131977,173.0,0.07210068450926022
M | 2.0sd | TEMA9/EMA50 within 3 | hold 12,1.1282607646379212,0.013859930088063036,-0.003693152621715323,8.0,0.6957464905317359
M | 0.5sd | EMA9/EMA21 within 3 | hold 23,1.126033668529357,0.06192241925802513,-0.05513142110844582,224.0,0.11101454132851729
M | 1.5sd | TEMA9/EMA50 within 6 | hold 12,1.1181759588429607,0.0368002748408975,-0.022192300475396443,118.0,0.12524172094090757
M | 1.5sd | TEMA20/EMA100 within 3 | hold 46,1.09664126691505,0.011023790894076327,-0.003303545243872885,6.0,0.7378357397357965
M | 0.5sd | EMA9/EMA21 within 3 | hold 46,1.0946929038900641,0.07344751657929643,-0.06694348494123836,200.0,0.14747794995684124
Q | 0.5sd | EMA20/EMA50 within 12 | hold 23,1.0933027601028067,0.0413348111042667,-0.03619894286950753,107.0,0.15513584348582515
Q | 1.5sd | EMA9/EMA21 within 6 | hold 23,1.0865212660944628,0.040560462230341855,-0.02712502221129809,114.0,0.14288216296681272
M | 1.0sd | EMA20/EMA50 within 3 | hold 46,1.0825696241138216,0.020936767731002785,-0.010164605823052564,36.0,0.23355389047370828
M | 2.0sd | EMA9/EMA21 within 3 | hold 23,1.0777223199475812,0.013426800618038935,-0.009203581475909828,16.0,0.33700203932181055
M | 1.5sd | EMA20/EMA50 within 6 | hold 4,1.0503740960820689,0.005062554505816986,-0.0024766718905805396,14.0,0.14521840022354846
W | 0.5sd | EMA20/EMA50 within 12 | hold 12,1.0481004409737493,0.019474600261692496,-0.01425744660482986,118.0,0.06627756075071563
Q | 1.0sd | TEMA9/EMA50 within 12 | hold 23,1.0429622610274665,0.04691399758366486,-0.03475514071118091,231.0,0.08155872595799633
Q | 0.5sd | EMA20/EMA50 within 12 | hold 46,1.0293219668443896,0.047400560864428426,-0.05144096424743094,100.0,0.1903546333127046
Q | 1.5sd | EMA20/EMA50 within 12 | hold 23,1.0285314141701936,0.034233490382811496,-0.015195175663070049,49.0,0.28056602095404304
M | 1.5sd | EMA20/EMA50 within 6 | hold 46,1.0233794173336856,0.011003902883311985,-0.007660572235815066,13.0,0.33992520506446056
Q | 1.5sd | EMA9/EMA21 within 6 | hold 12,1.020091790832658,0.02274060746354726,-0.017232408043709735,123.0,0.07424666006294306
Q | 1.5sd | TEMA20/EMA100 within 3 | hold 23,1.0192047814331608,0.013710538641738212,-0.007080207328006183,30.0,0.18353260721480252
M | 2.0sd | TEMA9/EMA50 within 3 | hold 4,1.0174943768117848,0.006268082246495277,-0.002788789796252966,8.0,0.31464777943716365
M | 2.0sd | EMA20/EMA50 within 3 | hold 4,0.998021758695691,0.0010134033311254653,0.0,1.0,0.4069699091662583
M | 2.0sd | TEMA20/EMA100 within 3 | hold 4,0.998021758695691,0.00022192782497796357,0.0,1.0,0.08912339638003934
M | 2.0sd | EMA20/EMA50 within 3 | hold 12,0.9927003455277535,0.0013745391097188928,-7.348890272651509e-06,1.0,0.551997451998222
Q | 1.0sd | TEMA9/EMA50 within 12 | hold 46,0.9801514566915883,0.06132570304423507,-0.050731091853240096,195.0,0.12629550565886427
M | 2.0sd | TEMA20/EMA100 within 6 | hold 23,0.9797877368913455,0.0050057199054618605,-0.001054137008435596,2.0,1.0051167746681355
Q | 1.5sd | TEMA9/EMA50 within 3 | hold 12,0.9747451381374351,0.01908468148492175,-0.01909906473697487,86.0,0.08911820626956814
M | 1.5sd | TEMA9/EMA50 within 12 | hold 12,0.9733656224534201,0.033452104721638745,-0.02963018816262908,179.0,0.07504994674624992
W | 2.0sd | EMA9/EMA21 within 3 | hold 46,0.9685943436484659,0.012678264103849238,-0.007231068691972764,9.0,0.5657144300306626
W | 2.0sd | EMA20/EMA50 within 3 | hold 46,0.9654920804619838,0.00848598452248938,-0.003232853784756018,3.0,1.1359545418993722
M | 0.5sd | EMA9/EMA21 within 12 | hold 23,0.9641837758844805,0.06255543502663645,-0.07241297364650501,399.0,0.06296107356382633
W | 1.0sd | EMA20/EMA50 within 3 | hold 12,0.9615421509193726,0.005958347658182857,-0.0032644397192609365,10.0,0.2392796757968671
W | 1.5sd | EMA20/EMA50 within 3 | hold 23,0.9592259432986925,0.007113064569083564,-0.0021864279386291097,5.0,0.5713032812629021
Q | 2.0sd | TEMA20/EMA100 within 12 | hold 46,0.9546124012511943,0.01147527708120786,-0.009445744127921762,11.0,0.4189386870917155
M | 0.5sd | EMA9/EMA21 within 3 | hold 12,0.9519210254099073,0.038508671351678854,-0.03950517245355045,237.0,0.06525144901195334
W | 0.5sd | TEMA20/EMA100 within 3 | hold 46,0.9505637781410382,0.05099950487811544,-0.03697733691390537,104.0,0.19693032256048854
W | 2.0sd | EMA9/EMA21 within 3 | hold 23,0.9399770173590037,0.008986847394418324,-0.003964627431076839,9.0,0.40100042165570304
W | 1.5sd | EMA9/EMA21 within 12 | hold 12,0.9328106654275885,0.032021185140198416,-0.02642625038115809,235.0,0.05472043120884971
Q | 0.5sd | EMA20/EMA50 within 12 | hold 12,0.9276305663164891,0.02081266580687568,-0.020924656358443428,109.0,0.07667983761671106
W | 2.0sd | EMA20/EMA50 within 12 | hold 12,0.9247137836178737,0.010331481456481549,-0.007611525664581564,33.0,0.12572702301538394
W | 1.5sd | EMA20/EMA50 within 3 | hold 46,0.9239453049561648,0.008660804758371837,-0.003232853784756018,5.0,0.6956138424978016
M | 1.5sd | EMA20/EMA50 within 12 | hold 46,0.9230767027514617,0.03174335959263078,-0.01708709875085601,27.0,0.4721381526711101
M | 1.0sd | TEMA9/EMA50 within 12 | hold 46,0.9212638603789517,0.06634484772216993,-0.030299188422580614,305.0,0.08735491269169393
M | 1.0sd | TEMA9/EMA50 within 12 | hold 23,0.918883575414483,0.04731918316180389,-0.021613389818032958,357.0,0.053229084255641754
W | 1.5sd | TEMA20/EMA100 within 6 | hold 46,0.9165704266928876,0.03304818292724682,-0.027311239150430877,31.0,0.42812034206827665
Q | 1.5sd | EMA9/EMA21 within 3 | hold 23,0.9139457246928381,0.028065334335773403,-0.019023130511819808,77.0,0.1463724920006322
Q | 1.0sd | TEMA20/EMA100 within 6 | hold 46,0.9122138501792844,0.024639544587746413,-0.01387796955822651,65.0,0.15222966497435514
M | 2.0sd | EMA20/EMA50 within 12 | hold 12,0.9059044626290955,0.004987403875174901,-0.002218391476316417,7.0,0.2861254377367914
W | 2.0sd | EMA20/EMA50 within 6 | hold 46,0.8966160806375867,0.01947972775748583,-0.007370696154322509,9.0,0.869201256198221
M | 1.5sd | TEMA20/EMA100 within 12 | hold 23,0.8762584775491815,0.01482452583536461,-0.013664029777993414,29.0,0.20528763198397634
W | 0.5sd | EMA20/EMA50 within 3 | hold 4,0.8697666757098004,0.007148241143153751,-0.005862460801745462,35.0,0.08201836776498406
Q | 1.0sd | EMA9/EMA21 within 6 | hold 12,0.855423995854085,0.02799271763298444,-0.017984838657248425,151.0,0.07444715190944037
Q | 1.5sd | TEMA9/EMA50 within 3 | hold 23,0.852078812289517,0.024910552336300934,-0.020263813936012176,76.0,0.13162844070768873
W | 2.0sd | EMA20/EMA50 within 3 | hold 12,0.850427101464084,0.004095672351434879,-0.001478033261146594,3.0,0.5482566692661507
W | 1.5sd | TEMA20/EMA100 within 12 | hold 4,0.8479396336385795,0.010466579657962206,-0.009050097961831649,100.0,0.04203245481689584
W | 1.5sd | EMA9/EMA21 within 12 | hold 4,0.8331411529528028,0.024576214065004553,-0.017502403273725764,257.0,0.038402706185202605
Q | 1.5sd | EMA9/EMA21 within 3 | hold 4,0.8325878110601056,0.009257252671112055,-0.007358710991939188,86.0,0.043227850236089896
W | 0.5sd | TEMA20/EMA100 within 6 | hold 46,0.8109064168421796,0.04796307554090011,-0.04485985080436228,130.0,0.14816432370998459
M | 2.0sd | EMA9/EMA21 within 3 | hold 12,0.8084483283887135,0.007109133400167001,-0.005418331142804211,17.0,0.16793751169395435
M | 1.0sd | TEMA9/EMA50 within 12 | hold 4,0.7992041553418158,0.019008686984764,-0.022574281947924435,450.0,0.01696366069539785
W | 2.0sd | EMA20/EMA50 within 3 | hold 23,0.7961150206729187,0.005002355949089615,-0.0021864279386291097,3.0,0.6696275423913611
Q | 1.0sd | EMA20/EMA50 within 3 | hold 12,0.7949519032252563,0.006272085440808051,-0.0038623687437615573,37.0,0.06807540182430018
Q | 1.5sd | TEMA20/EMA100 within 3 | hold 46,0.7936692770937669,0.016520116249599197,-0.012051828668531606,29.0,0.22876789333051978
W | 2.0sd | TEMA20/EMA100 within 12 | hold 12,0.7821841478847478,0.0126026148545267,-0.00964776108679466,65.0,0.07786230911343728
Q | 2.0sd | TEMA20/EMA100 within 12 | hold 23,0.7771329903205098,0.00529286694502475,-0.004019400606901424,11.0,0.19323165037391946
M | 1.5sd | TEMA20/EMA100 within 12 | hold 12,0.7747514867568314,0.006463893593898144,-0.008675865228152335,30.0,0.08652725287070002
M | 1.0sd | TEMA9/EMA50 within 3 | hold 23,0.7665400948830124,0.03387025259006403,-0.03008621366198716,204.0,0.06667580069472609
W | 0.5sd | TEMA20/EMA100 within 12 | hold 46,0.7640854724908486,0.04701363406670363,-0.039905675517628136,186.0,0.10150579807881904
M | 2.0sd | EMA9/EMA21 within 6 | hold 4,0.7610618564270241,0.005354061601031505,-0.00559108718657475,30.0,0.07167077169634764
W | 1.5sd | TEMA20/EMA100 within 3 | hold 4,0.7513958058184351,0.003532988278815042,-0.0014506473422124522,15.0,0.09458688196192654
M | 2.0sd | TEMA9/EMA50 within 3 | hold 46,0.7424619850338173,0.010939809855948779,-0.00817518863001665,8.0,0.5491610899910794
W | 0.5sd | EMA20/EMA50 within 6 | hold 4,0.7373623961744267,0.0071810151260381086,-0.007736962503186007,61.0,0.047275483395462954
W | 2.0sd | TEMA20/EMA100 within 12 | hold 4,0.7370638031552245,0.009030462642358081,-0.006611688726126164,68.0,0.05333116359749287
M | 1.0sd | EMA9/EMA21 within 6 | hold 4,0.731961627866041,0.01558177672037178,-0.01766499210433914,270.0,0.02317571728544421
M | 1.5sd | TEMA9/EMA50 within 6 | hold 23,0.7254698910233562,0.028953002051465265,-0.030997996721394583,110.0,0.10570143606090492
M | 1.0sd | TEMA9/EMA50 within 3 | hold 12,0.7245827418807951,0.025786611168954178,-0.021456636894914394,220.0,0.04707079816555124
W | 2.0sd | EMA20/EMA50 within 6 | hold 23,0.7126897075645947,0.008518657868633086,-0.004908808258262232,9.0,0.38010942517886603
W | 2.0sd | TEMA20/EMA100 within 3 | hold 12,0.7066758709441001,0.0036206332392621186,-0.0023172571964820143,6.0,0.24233338876542757
M | 0.5sd | EMA9/EMA21 within 6 | hold 12,0.7041923648463622,0.030703132579955637,-0.04453766404141446,315.0,0.03914281956527475
M | 0.5sd | EMA9/EMA21 within 6 | hold 46,0.7000163795821198,0.0538569940684648,-0.07610716577360732,261.0,0.08286699202895816
W | 2.0sd | EMA9/EMA21 within 12 | hold 23,0.6982146005378835,0.029667582035246998,-0.024865419080360662,154.0,0.07736444294905674
Q | 0.5sd | TEMA9/EMA50 within 12 | hold 12,0.6956243974981002,0.02763459063093945,-0.023871266640095645,263.0,0.0421965805397289
W | 1.0sd | TEMA20/EMA100 within 12 | hold 12,0.6916631587784235,0.013243571085493584,-0.01844938439007804,139.0,0.0382622300403092
M | 0.5sd | EMA9/EMA21 within 3 | hold 4,0.6908122819814856,0.01527739846427933,-0.019714027648792154,247.0,0.024838903743092795
M | 1.5sd | EMA20/EMA50 within 12 | hold 4,0.6791375445420417,0.004293415300813797,-0.005328787891156095,30.0,0.057472702174914826
M | 2.0sd | TEMA9/EMA50 within 6 | hold 46,0.6694168261832355,0.013237564342961047,-0.013988296013682122,19.0,0.2797914602146319
M | 0.5sd | EMA9/EMA21 within 12 | hold 12,0.6671534778357889,0.03125173078412615,-0.04975899566079445,423.0,0.029669735781394854
W | 1.5sd | TEMA20/EMA100 within 6 | hold 4,0.6637543889211549,0.004972057459791981,-0.0035581896177379058,32.0,0.062397348081714835
Q | 1.5sd | TEMA20/EMA100 within 12 | hold 23,0.6578363430645796,0.01424314795199061,-0.016289714996738702,52.0,0.10999744907978096
W | 2.0sd | EMA9/EMA21 within 3 | hold 12,0.6541612912325127,0.004462033199966443,-0.003964627431076839,9.0,0.19909954137416408
W | 1.5sd | TEMA20/EMA100 within 6 | hold 12,0.6496373274798466,0.006815563915098157,-0.009902036688768656,31.0,0.08829173940193724
W | 1.5sd | EMA9/EMA21 within 12 | hold 46,0.6458538545251162,0.04272854203214835,-0.0649121388200099,197.0,0.0871027405860409
W | 1.5sd | TEMA20/EMA100 within 3 | hold 12,0.645245486418464,0.004494126681768274,-0.0052227948949796765,15.0,0.12031894714152101
W | 1.5sd | EMA9/EMA21 within 6 | hold 12,0.6356536403937545,0.011370767510902656,-0.011912929748162937,74.0,0.06170751137405346
W | 2.0sd | EMA20/EMA50 within 12 | hold 46,0.6325451918240238,0.018215952496075143,-0.019088159810749517,33.0,0.22167561238609965
M | 1.0sd | EMA9/EMA21 within 12 | hold 12,0.6301781141289848,0.025192696838548308,-0.030591468375610886,372.0,0.027196417051342892
W | 0.5sd | EMA20/EMA50 within 3 | hold 23,0.6298053614609734,0.008528579563132993,-0.013738632997947642,34.0,0.10073438979797604
Q | 0.5sd | TEMA9/EMA50 within 6 | hold 12,0.6267223701535494,0.02142518794621238,-0.02057604417646275,192.0,0.044812934444376104
Q | 2.0sd | TEMA9/EMA50 within 12 | hold 46,0.6156757689138375,0.017696362820595293,-0.021457308482986548,55.0,0.12921153805514018
Q | 0.5sd | TEMA9/EMA50 within 3 | hold 12,0.6138649000415245,0.019048806010091086,-0.022999941210251285,141.0,0.054253607120939365
W | 1.0sd | EMA20/EMA50 within 12 | hold 12,0.6127583476201527,0.010340734119058403,-0.013288580674294392,77.0,0.05393126638057672
Q | 1.5sd | TEMA9/EMA50 within 12 | hold 46,0.6119369796737958,0.028710426958365932,-0.03391017685243958,125.0,0.09223794311703595
Q | 1.5sd | EMA9/EMA21 within 6 | hold 4,0.6113654641278604,0.007257294330814235,-0.008928772748369562,130.0,0.022418748054896222
W | 1.0sd | EMA9/EMA21 within 12 | hold 46,0.6093491433927664,0.04894395719922926,-0.06762220266703123,314.0,0.06259640668994546
M | 1.5sd | TEMA9/EMA50 within 6 | hold 46,0.6070626930529259,0.026336868217142345,-0.0252714991208689,97.0,0.10903661690291294
Q | 2.0sd | TEMA20/EMA100 within 3 | hold 23,0.5977037647795107,0.000965619687650831,-0.0010331233763148928,2.0,0.19389030236163518
Q | 0.5sd | no cross | hold 12,0.5963058640017248,0.03510804381792847,-0.0625100424522379,654.0,0.021558019236774677
W | 1.0sd | TEMA20/EMA100 within 12 | hold 4,0.588974367507043,0.009407442757122911,-0.012147636682121377,164.0,0.023036033851646313
M | 2.0sd | TEMA20/EMA100 within 12 | hold 4,0.5852863993716261,0.0010516206292483356,-0.0011275588615337062,14.0,0.030165535056669943
M | 2.0sd | EMA9/EMA21 within 3 | hold 46,0.5840259214908011,0.009692161058767461,-0.0148018581487952,16.0,0.2432655503837467
W | 2.0sd | EMA9/EMA21 within 3 | hold 4,0.5818746420793013,0.003114754490141552,-0.003796765161262927,10.0,0.12508458508028772
M | 1.0sd | EMA9/EMA21 within 3 | hold 4,0.57821446507549,0.011041214376713284,-0.01659033213601735,190.0,0.023336902567322144
W | 1.5sd | EMA9/EMA21 within 6 | hold 23,0.571751101339417,0.014492357043635109,-0.024494955487965098,73.0,0.0797252953259335
M | 2.0sd | TEMA9/EMA50 within 12 | hold 23,0.5714909417088276,0.009897238108490271,-0.015139367157404493,42.0,0.09463345583703853
W | 1.5sd | EMA20/EMA50 within 3 | hold 12,0.5657068867976509,0.0029405802320243988,-0.0022700495984911973,5.0,0.23617993609592797
M | 1.0sd | EMA20/EMA50 within 6 | hold 46,0.5654424998817945,0.015067973553480399,-0.01469590677193422,60.0,0.10085178066218362
Q | 1.0sd | EMA9/EMA21 within 6 | hold 23,0.5606057868702858,0.02508599777650855,-0.04726101831184859,143.0,0.07044907800484695
Q | 1.0sd | EMA9/EMA21 within 3 | hold 23,0.555148668284693,0.02330188935152459,-0.03774794973905071,113.0,0.08281188377490836
M | 0.5sd | EMA9/EMA21 within 12 | hold 46,0.5509851904479721,0.04709644716605545,-0.10384566651632743,340.0,0.055627456269897416
W | 1.5sd | EMA20/EMA50 within 12 | hold 12,0.5431346111130955,0.007789322648379778,-0.014992037974012717,48.0,0.06516860549074353
Q | 1.5sd | EMA9/EMA21 within 12 | hold 4,0.5386326503233865,0.012653334056899185,-0.016836501193262188,201.0,0.025280687960163414
M | 1.0sd | EMA9/EMA21 within 3 | hold 46,0.5279434435470585,0.03386012207801787,-0.033592296981636904,162.0,0.08393700652301112
Q | 1.5sd | EMA9/EMA21 within 12 | hold 12,0.5267008045571375,0.0167351965895091,-0.02820669000664855,174.0,0.03862438183858604
M | 1.0sd | EMA20/EMA50 within 3 | hold 23,0.5216569286520806,0.00672305831411662,-0.007800733113651037,38.0,0.07104986438895175
M | 1.0sd | TEMA9/EMA50 within 3 | hold 4,0.5184594507622704,0.01016128259608126,-0.021636799167402465,231.0,0.01766511713604451
W | 1.0sd | TEMA20/EMA100 within 12 | hold 46,0.5151106287316354,0.030583977479859456,-0.03354699423630392,125.0,0.09825709590354854
M | 2.0sd | EMA9/EMA21 within 6 | hold 23,0.5150435544531208,0.00714148395339187,-0.011385190813503643,28.0,0.10242604536327342
W | 1.5sd | TEMA20/EMA100 within 3 | hold 23,0.5141686951311172,0.007957333537511147,-0.0065077536095695665,15.0,0.21303760687728257
M | 2.0sd | EMA20/EMA50 within 12 | hold 4,0.5120196516004623,0.0010640091779590844,-0.0014950632745478476,8.0,0.05341157183008896
W | 1.0sd | TEMA20/EMA100 within 3 | hold 46,0.5099875083088808,0.018133746819374408,-0.036949594163087185,46.0,0.15831048810564968
Q | 1.5sd | EMA20/EMA50 within 6 | hold 23,0.502220661530094,0.006487908110226798,-0.008197644558581407,29.0,0.08984350037697758
M | 1.5sd | TEMA20/EMA100 within 6 | hold 12,0.4973841504472129,0.0035394813257392677,-0.006999115746873952,14.0,0.10152933961587698
M | 1.0sd | EMA9/EMA21 within 6 | hold 23,0.49303142982511955,0.02401806027101209,-0.029520456941857565,245.0,0.0393687674024364
W | 1.5sd | EMA9/EMA21 within 3 | hold 4,0.48767124153254643,0.0034582553587433887,-0.007403683878863698,20.0,0.06943957188587917
Q | 1.0sd | EMA9/EMA21 within 3 | hold 12,0.48560282404270977,0.013919046836450032,-0.019642842803018534,117.0,0.04777532016852336
W | 2.0sd | EMA20/EMA50 within 12 | hold 4,0.48048787883221594,0.003494613151188526,-0.004157952722942171,37.0,0.03792952068857559
W | 2.0sd | EMA20/EMA50 within 3 | hold 4,0.47989670512374993,0.0022331064817573726,-0.0022173754812626623,3.0,0.2989290687220187
M | 1.0sd | TEMA20/EMA100 within 6 | hold 46,0.47961218280954515,0.013033628784909365,-0.02369594024938715,70.0,0.07477342590889047
M | 1.0sd | EMA20/EMA50 within 6 | hold 23,0.47364654370763604,0.008561392531863804,-0.012901423767671116,62.0,0.055453976204852574
M | 2.0sd | TEMA20/EMA100 within 12 | hold 46,0.47329696130965143,0.007334801490397662,-0.009745408401182876,13.0,0.2265817798621012
Q | 0.5sd | EMA20/EMA50 within 3 | hold 46,0.4687912655845036,0.01365583870753847,-0.038413222562457494,59.0,0.092949346058844
M | 1.0sd | EMA9/EMA21 within 3 | hold 23,0.46265959725060957,0.020712872531919457,-0.034588426470606004,174.0,0.0478047505069843
M | 1.5sd | TEMA9/EMA50 within 6 | hold 4,0.4556527579716625,0.0108520123597227,-0.01769629231132519,123.0,0.0354311411409194
M | 1.0sd | EMA9/EMA21 within 12 | hold 23,0.4529242280347586,0.024081894053678884,-0.030624608181026414,348.0,0.027790180603816633
M | 1.5sd | TEMA9/EMA50 within 3 | hold 12,0.4518510056671186,0.010652358257371975,-0.02176411921615229,76.0,0.05628752379104239
Q | 1.5sd | TEMA20/EMA100 within 6 | hold 23,0.448188475818034,0.006759385882676617,-0.01342480468341578,36.0,0.07540232047253896
M | 1.0sd | TEMA9/EMA50 within 6 | hold 46,0.447663409808122,0.030131456342754864,-0.037961933792530655,232.0,0.05215694071371765
M | 2.0sd | TEMA20/EMA100 within 3 | hold 46,0.44680426586093214,0.0015591869945443568,-0.001054137008435596,1.0,0.6261496978090829
W | 0.5sd | TEMA20/EMA100 within 12 | hold 23,0.44418226795579824,0.01891412276818531,-0.02884159072762238,199.0,0.03816920364003259
M | 1.0sd | EMA20/EMA50 within 12 | hold 12,0.4422619340472638,0.007101333690409435,-0.007507145108208602,99.0,0.028806115499015336
Q | 1.5sd | EMA20/EMA50 within 12 | hold 46,0.44225523432647984,0.01734175407496297,-0.022741315792586647,47.0,0.14817506859053134
Q | 1.0sd | EMA9/EMA21 within 6 | hold 46,0.438898582166281,0.024013432202939413,-0.050078601193773276,132.0,0.07305673818354581
M | 1.0sd | TEMA20/EMA100 within 12 | hold 12,0.4350226663620779,0.009077588838581417,-0.01461687929864619,124.0,0.029398745214555804
W | 1.5sd | TEMA20/EMA100 within 12 | hold 46,0.4319256912702685,0.025932967910393557,-0.055982210998500204,81.0,0.12857222969487692
M | 2.0sd | TEMA9/EMA50 within 6 | hold 4,0.4204863253861012,0.002851919878587778,-0.006009731638964677,19.0,0.06027867412553951
Q | 1.5sd | TEMA20/EMA100 within 6 | hold 46,0.4170209424074692,0.009948870515355292,-0.018496283195759466,35.0,0.11415257326008563
M | 1.0sd | EMA20/EMA50 within 6 | hold 12,0.4161358816453946,0.004997202447409395,-0.007386922373063709,63.0,0.03185417533873967
Q | 1.0sd | TEMA9/EMA50 within 6 | hold 4,0.40778235105105254,0.008180243837558339,-0.017019968722638112,199.0,0.016507949995232182
W | 1.0sd | TEMA20/EMA100 within 6 | hold 4,0.40506530139420144,0.004675346551757402,-0.01028755443410223,75.0,0.025034130742743323
W | 0.5sd | EMA20/EMA50 within 3 | hold 46,0.3981164958550931,0.011242377717114269,-0.017989257305872197,34.0,0.1327881214953273
W | 1.0sd | TEMA20/EMA100 within 3 | hold 4,0.39741131365485555,0.003927307223778694,-0.006262685926543332,50.0,0.031543134210032034
Q | 1.5sd | no cross | hold 23,0.391531578855872,0.03189004607720738,-0.05448520488454245,461.0,0.02778012484086859
M | 1.5sd | TEMA9/EMA50 within 12 | hold 4,0.39087945473992053,0.010218867384013904,-0.019950799592945434,201.0,0.020416753124500645
M | 1.0sd | TEMA20/EMA100 within 12 | hold 46,0.38476846925290586,0.014834879433161023,-0.028209344299997663,118.0,0.05048728136386525
W | 1.5sd | EMA20/EMA50 within 6 | hold 4,0.38207671235433704,0.002717760202734789,-0.004352358893118136,17.0,0.06420105801044834
M | 2.0sd | TEMA9/EMA50 within 12 | hold 46,0.37841765858788584,0.008662377191310295,-0.023147904717359502,41.0,0.08484635808755336
W | 0.5sd | EMA20/EMA50 within 12 | hold 4,0.37720143635878833,0.004615587631220699,-0.01326749049954179,139.0,0.013334973971666515
W | 1.0sd | TEMA9/EMA50 within 12 | hold 46,0.3747669155629061,0.03439142987397816,-0.052697403057549885,290.0,0.04762469489937866
Q | 2.0sd | EMA20/EMA50 within 3 | hold 12,0.36474598446806805,0.0009813526999576448,-0.0012302134102853968,5.0,0.07881975653628068
Q | 1.5sd | EMA9/EMA21 within 3 | hold 46,0.35981352463240074,0.013939010290062729,-0.030469058839257324,74.0,0.07564499363762053
W | 2.0sd | EMA20/EMA50 within 12 | hold 23,0.35646830389349254,0.006652748998145115,-0.010969298057702304,33.0,0.0809593793425066
M | 1.0sd | EMA9/EMA21 within 12 | hold 4,0.3545559065622376,0.008235219912481771,-0.02540901171627674,433.0,0.007637782315546347
Q | 1.0sd | EMA9/EMA21 within 3 | hold 46,0.3538775165582817,0.017561270055629317,-0.04407720301107487,104.0,0.06781137552005824
W | 1.5sd | EMA9/EMA21 within 3 | hold 12,0.33810796530884873,0.003048579261121682,-0.00704430467187267,20.0,0.061213535957443305
W | 0.5sd | TEMA9/EMA50 within 12 | hold 46,0.33307679063492696,0.03458740222294634,-0.08892140418472627,491.0,0.028288923681522717
M | 0.5sd | TEMA9/EMA50 within 3 | hold 46,0.33258122637350357,0.02409195768843413,-0.08658486905755736,233.0,0.04152370934787
W | 2.0sd | TEMA20/EMA100 within 3 | hold 4,0.3241190529877435,0.0014597643385083955,-0.0029577028181830833,6.0,0.0977038036091598
M | 1.0sd | EMA9/EMA21 within 6 | hold 46,0.3096985495821391,0.02176045282067514,-0.04397571915466614,226.0,0.03866690942288806
Q | 1.5sd | TEMA9/EMA50 within 6 | hold 46,0.30878515423101804,0.014969993708028909,-0.038529409169423934,99.0,0.06072484220188096
Q | 1.0sd | EMA20/EMA50 within 3 | hold 46,0.3024688238780541,0.0054838700000660245,-0.016793323242466518,36.0,0.06117368209950189
M | 1.5sd | EMA9/EMA21 within 3 | hold 46,0.29874957415950076,0.010980710718421294,-0.028096769446097625,86.0,0.051275744033971754
W | 1.0sd | EMA20/EMA50 within 12 | hold 4,0.29653528223900344,0.003169322980185724,-0.009548714035980677,90.0,0.014141776260793429
W | 1.0sd | TEMA20/EMA100 within 6 | hold 46,0.28497115628983555,0.01235252875859389,-0.04013851079132136,66.0,0.07516088927186763
Q | 0.5sd | EMA20/EMA50 within 3 | hold 23,0.2810870077569058,0.005514602378717589,-0.02517695691289301,61.0,0.03630482440321488
M | 1.0sd | EMA9/EMA21 within 12 | hold 46,0.28083771067361446,0.023161707297068772,-0.04928305810425737,311.0,0.029908191426317517
W | 0.5sd | TEMA9/EMA50 within 6 | hold 46,0.2762048845136356,0.025984081015195216,-0.07441564384096722,428.0,0.024380553689528288
W | 1.0sd | EMA20/EMA50 within 6 | hold 4,0.2734135871452328,0.001960652721923645,-0.005947576769280816,30.0,0.02624577453157047
W | 1.0sd | EMA20/EMA50 within 3 | hold 4,0.2729632817263523,0.0016551717317102317,-0.004875825120906563,10.0,0.06646959494010934
Q | 0.5sd | EMA9/EMA21 within 12 | hold 46,0.2698572257093809,0.017535244827174116,-0.07303187245420173,197.0,0.035745845953388616
Q | 1.5sd | TEMA9/EMA50 within 3 | hold 46,0.26895933166326647,0.011214480009225957,-0.03478265156844951,73.0,0.061693051583695716
W | 1.0sd | EMA20/EMA50 within 6 | hold 23,0.25926151125092606,0.003618150859630491,-0.01177945458253249,27.0,0.05381494223906614
W | 1.5sd | EMA9/EMA21 within 3 | hold 46,0.25857264381670136,0.004951675870469823,-0.012370250981736941,20.0,0.09942650755784634
W | 1.5sd | EMA20/EMA50 within 3 | hold 4,0.25797435267187685,0.0012808206673845704,-0.002793196956401567,5.0,0.1028722631264433
W | 1.5sd | EMA9/EMA21 within 6 | hold 46,0.2563310956316081,0.01035448424625209,-0.04189747474724792,70.0,0.0594032769682943
M | 1.0sd | TEMA9/EMA50 within 3 | hold 46,0.2442990391198445,0.015513125737141557,-0.047966740764530225,187.0,0.03331483585007052
W | 0.5sd | TEMA20/EMA100 within 6 | hold 23,0.24384381388731943,0.009578683746809195,-0.025898488597520197,136.0,0.028284395284112127
M | 2.0sd | EMA20/EMA50 within 6 | hold 23,0.24177386771144835,0.0007705387697121564,-0.0024595711351484972,2.0,0.15471929264855205
Q | 1.5sd | TEMA9/EMA50 within 12 | hold 4,0.24121818677430282,0.006204459949673606,-0.02242765440108485,185.0,0.01346828285943734
Q | 1.5sd | EMA9/EMA21 within 12 | hold 46,0.24011532552577375,0.013138647282306706,-0.04597496679391189,147.0,0.035893291895298524
W | 2.0sd | EMA9/EMA21 within 12 | hold 46,0.23845532869966868,0.013697364841030858,-0.03776950928272216,146.0,0.037675943735386
Q | 1.5sd | EMA20/EMA50 within 3 | hold 46,0.23068030511595009,0.0032743054580343846,-0.010776430637091328,17.0,0.07734820549791774
Q | 0.5sd | EMA20/EMA50 within 6 | hold 23,0.21370642113834623,0.005578459081824288,-0.028750521547846186,80.0,0.02800297912106236
Q | 1.0sd | TEMA9/EMA50 within 12 | hold 4,0.21057094745783783,0.004501934526759735,-0.01768353969095804,293.0,0.0061703745342121
M | 2.0sd | EMA9/EMA21 within 12 | hold 46,0.2035676374825,0.006012574954755364,-0.031180691888315737,50.0,0.04829147503343191
W | 1.0sd | EMA20/EMA50 within 12 | hold 23,0.20330661745515308,0.005149698632266178,-0.03307768741262118,73.0,0.02832950106465198
Q | 2.0sd | TEMA20/EMA100 within 3 | hold 46,0.2005986575182737,0.0005548603964154226,-0.002368031573184215,2.0,0.11141244467706508
W | 2.0sd | TEMA9/EMA50 within 3 | hold 12,0.19556659358104814,0.004261978815163181,-0.02143228158752264,19.0,0.09008192483176986
M | 1.0sd | TEMA20/EMA100 within 12 | hold 23,0.19517813126636924,0.00542530775121038,-0.02304811406223528,122.0,0.01785848114827253
W | 1.5sd | TEMA20/EMA100 within 6 | hold 23,0.19282668279528029,0.003593227885666714,-0.01887323173544142,31.0,0.046548215825585236
Q | 1.0sd | TEMA20/EMA100 within 6 | hold 23,0.18196906174024813,0.003335246746052017,-0.016283461172125313,71.0,0.018864686491195142
M | 1.5sd | EMA9/EMA21 within 6 | hold 46,0.18176040045970862,0.007334096335534481,-0.029663699666620302,118.0,0.02495999963532722
W | 1.5sd | EMA20/EMA50 within 6 | hold 12,0.1645304066533822,0.001523130641353488,-0.006489703970301242,17.0,0.03598058377800492
W | 1.0sd | EMA20/EMA50 within 12 | hold 46,0.16040500885893025,0.005948484115453735,-0.030538103506310033,72.0,0.033178273395277603
Q | 1.5sd | TEMA9/EMA50 within 6 | hold 4,0.16036828680872237,0.0035598001911661156,-0.020494421334962265,127.0,0.011256461046931971
W | 1.5sd | EMA9/EMA21 within 12 | hold 23,0.14306185835934188,0.006591078768207097,-0.04018188955464164,219.0,0.012086271858783788
W | 0.5sd | TEMA20/EMA100 within 3 | hold 23,0.14227543652191849,0.004999656562408326,-0.018816552346419102,107.0,0.018764472782811306
Q | 1.5sd | TEMA20/EMA100 within 12 | hold 46,0.14186536574004097,0.0042283730893895935,-0.02396538573226248,50.0,0.03396121878144659
Q | 1.5sd | EMA20/EMA50 within 3 | hold 23,0.1406970845192173,0.0012674476193809347,-0.007169578646293195,18.0,0.028277270520579927
M | 2.0sd | TEMA9/EMA50 within 6 | hold 12,0.13941412359302785,0.001838227983184681,-0.013736049522245053,19.0,0.03885310607733711
M | 1.0sd | TEMA20/EMA100 within 3 | hold 46,0.1388284841533604,0.0032646946434342784,-0.026285118638742166,48.0,0.0273137481742352
M | 0.5sd | TEMA9/EMA50 within 3 | hold 12,0.13027134780618735,0.005495818841716577,-0.04685981255613714,305.0,0.007236232979205273
M | 1.5sd | EMA9/EMA21 within 12 | hold 12,0.1220677894955084,0.004083145131216129,-0.026988418281608695,222.0,0.0073862127713261805
Q | 1.0sd | TEMA20/EMA100 within 3 | hold 23,0.1191815821601352,0.0018193000302350448,-0.0150339685052715,49.0,0.014910363059587498
Q | 1.0sd | TEMA20/EMA100 within 12 | hold 23,0.11038900552569278,0.002824994919089902,-0.03601424882073945,106.0,0.010702661193916512
M | 1.0sd | EMA20/EMA50 within 12 | hold 23,0.10137425779240501,0.0024069449323763335,-0.02793654254447031,97.0,0.009964933200641683
W | 1.0sd | EMA20/EMA50 within 3 | hold 23,0.101158961864412,0.0009185717377175899,-0.01032959406939149,10.0,0.03688867454643656
Q | 0.5sd | TEMA20/EMA100 within 12 | hold 46,0.10025971679740456,0.0050023527069515015,-0.07188214068715382,128.0,0.015694385352910806
M | 1.5sd | TEMA9/EMA50 within 3 | hold 23,0.09386789208502383,0.0026835320920096392,-0.03526062881077008,72.0,0.01496767238268164
W | 2.0sd | EMA9/EMA21 within 6 | hold 4,0.09268872967101222,0.0007811178170151872,-0.004979275942088579,41.0,0.0076509023501681
M | 1.0sd | EMA20/EMA50 within 12 | hold 46,0.09030053115620731,0.002989494945031114,-0.024743974193476737,91.0,0.013192782506416732
Q | 0.5sd | EMA20/EMA50 within 6 | hold 12,0.08306111902565325,0.001434414202603288,-0.019216890360527206,83.0,0.006940271433517536
W | 2.0sd | TEMA9/EMA50 within 3 | hold 23,0.0778029211611506,0.0016981066005351938,-0.02009754729737867,19.0,0.035891476185079756
M | 1.5sd | TEMA9/EMA50 within 3 | hold 46,0.07680720236834282,0.002848648848961576,-0.03445415542258634,66.0,0.01733304855188265
Q | 1.0sd | TEMA9/EMA50 within 3 | hold 4,0.07424926755623637,0.0013694344622024474,-0.019317642550928382,158.0,0.003480680318838843
Q | 2.0sd | TEMA9/EMA50 within 6 | hold 46,0.07402837625766424,0.0014785550278758007,-0.014772823437994242,30.0,0.019792297463099354
W | 0.5sd | EMA9/EMA21 within 3 | hold 12,0.0739718154797031,0.003345998240311245,-0.05346164136328435,360.0,0.0037325289012290347
W | 1.5sd | EMA20/EMA50 within 6 | hold 46,0.07184156283872135,0.0017896086996736986,-0.027615992914191922,16.0,0.04491775803744475
Q | 2.0sd | TEMA9/EMA50 within 12 | hold 23,0.07154930789973754,0.0011764584424885393,-0.013549203718037695,58.0,0.008145702954285716
Q | 0.5sd | EMA20/EMA50 within 6 | hold 46,0.07089487719337167,0.002536682023922772,-0.0525996667373172,76.0,0.013403938012791538
Q | 0.5sd | TEMA9/EMA50 within 12 | hold 4,0.06691949054632544,0.0019106777880185555,-0.01813766190062993,309.0,0.0024831842624374414
W | 0.5sd | EMA9/EMA21 within 3 | hold 23,0.06606438623653202,0.003974971204727473,-0.07929826435455356,345.0,0.004626950608677513
Q | 0.5sd | EMA20/EMA50 within 3 | hold 12,0.06170018794876334,0.000960853761119489,-0.015436366038305116,62.0,0.006223655953999773
W | 1.5sd | EMA9/EMA21 within 6 | hold 4,0.06052118036870996,0.0006910037928536361,-0.009120881798834413,75.0,0.003699977980782447
M | 0.5sd | TEMA9/EMA50 within 6 | hold 46,0.060197914195477716,0.005361679480199273,-0.10500467943987979,288.0,0.007476327758434837
M | 1.5sd | EMA9/EMA21 within 3 | hold 23,0.05735176131305072,0.0016437931527881536,-0.022694385211022627,93.0,0.00709813394189119
Q | 0.5sd | EMA9/EMA21 within 6 | hold 46,0.055328981542961,0.002556068856057084,-0.055983184560253196,133.0,0.007717930786280491
W | 2.0sd | TEMA9/EMA50 within 12 | hold 12,0.04538355566376838,0.001609770438087271,-0.029023736440261017,168.0,0.003847996228609988
Q | 1.5sd | EMA20/EMA50 within 6 | hold 46,0.0386737611267593,0.0008286297559904189,-0.01973704205219129,28.0,0.01188454241868334
M | 2.0sd | EMA20/EMA50 within 12 | hold 23,0.03645059027523553,0.000269681230415902,-0.006602355790911063,7.0,0.015471508230209319
Q | 1.0sd | EMA9/EMA21 within 12 | hold 46,0.03433445507269613,0.00209077301957018,-0.0591597016727885,197.0,0.00426207053381077
W | 2.0sd | TEMA9/EMA50 within 3 | hold 46,0.03135395326752396,0.000875196241941234,-0.026419694975507335,19.0,0.018498299850554085
M | 1.5sd | TEMA20/EMA100 within 6 | hold 4,0.018613806676186256,9.403622396898867e-05,-0.004453100351265227,14.0,0.002697410959654702
Q | 0.5sd | no cross | hold 46,0.014229246195221888,0.001270503888790008,-0.11961476433573526,369.0,0.0013827052258952566
Q | 1.5sd | no cross | hold 12,0.013234509443128767,0.0007675944194172674,-0.0592104348164878,579.0,0.0005323940787690134
Q | 2.0sd | EMA20/EMA50 within 3 | hold 23,0.009331855277317686,4.281579176117022e-05,-0.0039511248325238,5.0,0.003438855655738468
W | 1.0sd | TEMA20/EMA100 within 6 | hold 12,0.00748073927326405,0.0001070435107330688,-0.016766509335988333,70.0,0.000614104494681773
M | 0.5sd | no cross | hold 12,0.0011777156323334694,8.137223257749355e-05,-0.06741287613010694,1074.0,3.0426494697322535e-05
W | 1.5sd | TEMA20/EMA100 within 12 | hold 23,-0.004812042108622388,-0.00015174417190300568,-0.03455232121259155,83.0,-0.0007341991870617582
M | 0.5sd | TEMA9/EMA50 within 6 | hold 12,-0.005687261425266823,-0.00027940360661753394,-0.05658865770224242,385.0,-0.00029144140372804717
M | 2.0sd | EMA20/EMA50 within 6 | hold 46,-0.009829914012348869,-4.404338252860088e-05,-0.0038314014748169756,2.0,-0.008843631571219153
W | 0.5sd | EMA9/EMA21 within 6 | hold 46,-0.011560051061710624,-0.001031930519415969,-0.1087887279198213,401.0,-0.0010334418771018733
M | 1.5sd | TEMA20/EMA100 within 12 | hold 4,-0.011764485736615806,-7.802157977038692e-05,-0.004587410863179819,32.0,-0.000979139865173997
Q | 0.5sd | TEMA9/EMA50 within 3 | hold 4,-0.016971843032073435,-0.00038828028439384757,-0.01971897466665795,151.0,-0.0010326386203263218
W | 1.0sd | TEMA9/EMA50 within 6 | hold 46,-0.026042776092362933,-0.0017808486195006806,-0.05248280289072693,187.0,-0.0038244181371162927
Q | 0.5sd | EMA20/EMA50 within 12 | hold 4,-0.02965293542160014,-0.0003654566121618029,-0.01686003542614678,124.0,-0.00118357044133303
Q | 2.0sd | EMA20/EMA50 within 3 | hold 46,-0.03526119013556652,-0.0002611554100056341,-0.004832864079390875,5.0,-0.020975339279817536
Q | 0.5sd | EMA9/EMA21 within 12 | hold 12,-0.03664507345413591,-0.0012955301644565073,-0.03296877396013431,237.0,-0.0021952255817258974
M | 1.5sd | EMA9/EMA21 within 12 | hold 23,-0.04293709751817241,-0.0018816073120288485,-0.052230452929669546,208.0,-0.0036328346302144147
M | 0.5sd | EMA9/EMA21 within 6 | hold 4,-0.04393726095595641,-0.0011924984869749122,-0.026930755397009065,334.0,-0.0014338091303329158
Q | 2.0sd | EMA9/EMA21 within 3 | hold 12,-0.04407523083313412,-0.00035339311747318826,-0.007115324272280343,31.0,-0.00457800607888971
W | 2.0sd | TEMA20/EMA100 within 6 | hold 4,-0.04540236603194877,-0.00027965064320583115,-0.004707218630844223,20.0,-0.005615207359609142
W | 1.5sd | EMA20/EMA50 within 12 | hold 4,-0.0583407336195946,-0.0005412785711647416,-0.009640424138579795,53.0,-0.004101332090586386
Q | 0.5sd | EMA9/EMA21 within 3 | hold 4,-0.05965459345638307,-0.0011342080198702466,-0.015660122259157916,111.0,-0.004103455298543853
Q | 0.5sd | EMA9/EMA21 within 3 | hold 12,-0.059868684900943124,-0.00167801652202434,-0.021869262666622924,107.0,-0.006297851655127688
W | 1.0sd | TEMA9/EMA50 within 12 | hold 12,-0.06847585342220051,-0.002953602392848254,-0.04537285389787116,369.0,-0.0032144423168176933
Q | 1.0sd | TEMA20/EMA100 within 12 | hold 46,-0.06889225059677948,-0.0023934869292089834,-0.037590951995763566,97.0,-0.00990921605448981
M | 1.5sd | TEMA9/EMA50 within 12 | hold 23,-0.06949458607598372,-0.003180273917160845,-0.04778891282045039,168.0,-0.007602128694649388
M | 0.5sd | TEMA20/EMA100 within 3 | hold 46,-0.07882242414361591,-0.002605645959798115,-0.035271306110521206,110.0,-0.009512675726247076
M | 0.5sd | TEMA9/EMA50 within 3 | hold 4,-0.08120966895840666,-0.002278712494292,-0.030681838901000957,333.0,-0.0027480540590870553
Q | 1.0sd | EMA9/EMA21 within 12 | hold 12,-0.08123713012616476,-0.0029836365408997976,-0.03191250274032165,240.0,-0.004992460614071729
W | 1.0sd | EMA20/EMA50 within 6 | hold 12,-0.08267712491907574,-0.0007857155579762599,-0.009163738191701132,30.0,-0.010517779691428229
W | 1.0sd | TEMA20/EMA100 within 3 | hold 23,-0.08328708541447602,-0.0015936234454733836,-0.02324080512674309,47.0,-0.013616573174764139
M | 0.5sd | TEMA9/EMA50 within 12 | hold 46,-0.08390119183006976,-0.007951535721609462,-0.10955099453762052,358.0,-0.008919652999765866
W | 0.5sd | TEMA20/EMA100 within 12 | hold 12,-0.08535787383474217,-0.0025285101669497755,-0.021072453220740583,210.0,-0.004835321785625795
W | 0.5sd | EMA9/EMA21 within 6 | hold 23,-0.0924894921737772,-0.0068090724570789045,-0.10323226260631135,450.0,-0.006076526743001631
M | 1.5sd | TEMA9/EMA50 within 12 | hold 46,-0.09349347895815473,-0.004756732884874138,-0.04080026847362206,147.0,-0.012994853902096497
Q | 1.5sd | EMA9/EMA21 within 6 | hold 46,-0.10634336483417511,-0.004807086122704652,-0.05300743194334101,104.0,-0.018562161004949278
W | 2.0sd | TEMA20/EMA100 within 3 | hold 23,-0.11757265366811577,-0.0009184181048054273,-0.005870646785111733,6.0,-0.06147084140628913
M | 0.5sd | TEMA9/EMA50 within 3 | hold 23,-0.11860548211552645,-0.006667425406598069,-0.08260473774355359,276.0,-0.009701280353515696
W | 1.0sd | EMA20/EMA50 within 3 | hold 46,-0.12285370938394194,-0.00194955454185782,-0.013480195432004516,10.0,-0.07829163477619507
W | 1.5sd | TEMA9/EMA50 within 6 | hold 12,-0.1322147681548687,-0.003813534990325771,-0.03542672133913494,117.0,-0.013089463472424604
M | 1.5sd | EMA9/EMA21 within 3 | hold 12,-0.13243821378769116,-0.002540687905371886,-0.016305303253274284,102.0,-0.010003019608762658
W | 2.0sd | TEMA20/EMA100 within 3 | hold 46,-0.13364390008919105,-0.0014863299844963416,-0.008322020999465995,6.0,-0.09948187462369677
W | 1.5sd | EMA20/EMA50 within 12 | hold 46,-0.1388527334709334,-0.004525745155203211,-0.04204549091782295,46.0,-0.03951047357717093
W | 1.0sd | TEMA9/EMA50 within 3 | hold 46,-0.13891277366635707,-0.009026517731473425,-0.060628292786009674,137.0,-0.026459378821257953
W | 0.5sd | EMA9/EMA21 within 12 | hold 46,-0.14721080658157173,-0.014795790118512595,-0.12721687928320058,480.0,-0.012378752976136529
M | 2.0sd | EMA9/EMA21 within 6 | hold 12,-0.14867331278700818,-0.001597982797478896,-0.012388578338203726,30.0,-0.021390986654082577
Q | 0.5sd | TEMA9/EMA50 within 12 | hold 46,-0.15403301268613068,-0.011218077956546025,-0.08873454265788872,205.0,-0.021975793441782045
W | 1.0sd | TEMA20/EMA100 within 6 | hold 23,-0.1681671206599098,-0.0037839722757041934,-0.030241508388240246,67.0,-0.02268052560419708
M | 1.0sd | no cross | hold 12,-0.1728913072646542,-0.01356056878472193,-0.06022392663487064,1132.0,-0.004810735182195653
Q | 0.5sd | EMA9/EMA21 within 6 | hold 12,-0.1732682756161718,-0.005361226290044504,-0.026882933917203866,157.0,-0.013713378337693444
M | 2.0sd | EMA9/EMA21 within 12 | hold 23,-0.17384542745940063,-0.0035930506308960784,-0.014442983501467,53.0,-0.027224971836379418
M | 0.5sd | TEMA9/EMA50 within 12 | hold 12,-0.17770748179707502,-0.008942316040798766,-0.06533333894965432,479.0,-0.007497120185313615
Q | 0.5sd | EMA9/EMA21 within 12 | hold 4,-0.18586673542426263,-0.00464393378563743,-0.019279407697056605,265.0,-0.007037527689525419
W | 0.5sd | EMA9/EMA21 within 12 | hold 23,-0.2110702445980123,-0.01779257248578279,-0.11067034642040985,562.0,-0.012714005645661873
Q | 2.0sd | TEMA9/EMA50 within 6 | hold 23,-0.21392734310042577,-0.0027035406358100877,-0.009569177760799352,32.0,-0.03392836214583094
M | 1.5sd | TEMA20/EMA100 within 3 | hold 23,-0.2159732575632296,-0.001091978662982936,-0.005390970566815256,6.0,-0.07308746077637109
W | 0.5sd | EMA9/EMA21 within 12 | hold 12,-0.22309162678875658,-0.013364585905827028,-0.069894073289545,603.0,-0.00890057709909247
Q | 1.0sd | EMA20/EMA50 within 6 | hold 12,-0.22642107083923058,-0.0023367079148386535,-0.011567842924482763,55.0,-0.017061676838504455
M | 1.5sd | EMA9/EMA21 within 12 | hold 46,-0.22840831882145585,-0.011886959075280258,-0.04658692662630637,187.0,-0.025527549834868924
W | 1.5sd | TEMA9/EMA50 within 3 | hold 46,-0.2320906843567166,-0.009012872205066715,-0.036045293855127225,49.0,-0.07386642915069254
M | 2.0sd | TEMA20/EMA100 within 3 | hold 23,-0.2358374372162556,-0.0003048153363876294,-0.001054137008435596,1.0,-0.12240996842233377
W | 1.0sd | TEMA9/EMA50 within 6 | hold 12,-0.2368693157364866,-0.007803550306218187,-0.04336006961574035,220.0,-0.01424457595579509
Q | 1.0sd | no cross | hold 46,-0.24220953902677003,-0.02501841526846866,-0.11485745862186048,376.0,-0.026720951802273615
M | 2.0sd | EMA9/EMA21 within 12 | hold 4,-0.24489704867776105,-0.0023554433067089443,-0.006094847966123806,58.0,-0.01630889864798476
W | 1.5sd | EMA20/EMA50 within 6 | hold 23,-0.24521141905973565,-0.003884923360828854,-0.016849183881874286,17.0,-0.09177269937345467
W | 1.5sd | TEMA9/EMA50 within 3 | hold 12,-0.24958785002547063,-0.006015467703720807,-0.03468174923738776,52.0,-0.04645645082543842
W | 1.0sd | EMA9/EMA21 within 12 | hold 12,-0.2535847603340351,-0.010815258273680265,-0.0489933408663471,380.0,-0.011429658910781558
Q | 0.5sd | no cross | hold 23,-0.2566779974253828,-0.018229949624692342,-0.11607718675001388,508.0,-0.01441125251545797
M | 1.5sd | EMA9/EMA21 within 12 | hold 4,-0.2582386343502934,-0.00659826885365925,-0.014252752637082033,252.0,-0.010515003905113311
W | 1.0sd | EMA9/EMA21 within 12 | hold 4,-0.2744163435349474,-0.010079061787273,-0.030367657078066546,436.0,-0.009283539508446443
M | 1.5sd | EMA9/EMA21 within 6 | hold 23,-0.2809721109233881,-0.00981916053285988,-0.037533517075653666,132.0,-0.02987310744124037
W | 1.0sd | TEMA9/EMA50 within 12 | hold 23,-0.28301934847300525,-0.020864763240289998,-0.08360226042380314,338.0,-0.02479001173942598
M | 2.0sd | EMA9/EMA21 within 6 | hold 46,-0.28549089944247236,-0.005799965915267542,-0.02302660699440806,28.0,-0.08318545218609345
Q | 0.5sd | EMA9/EMA21 within 6 | hold 4,-0.2881262351268853,-0.006655505906927358,-0.021470544813544268,162.0,-0.01649855961642779
Q | 1.0sd | EMA9/EMA21 within 12 | hold 23,-0.2882330384611322,-0.013793850010839423,-0.0644289161556647,229.0,-0.02418967250809155
Q | 0.5sd | TEMA9/EMA50 within 6 | hold 4,-0.2936887382724046,-0.008038432443866114,-0.019383672947087094,205.0,-0.015746987288409803
M | 1.0sd | EMA20/EMA50 within 12 | hold 4,-0.29397843371479976,-0.003459535961367969,-0.012966401202369915,114.0,-0.012186892205877155
W | 1.0sd | EMA20/EMA50 within 6 | hold 46,-0.29671256692479414,-0.006885937871808515,-0.021675338868158756,27.0,-0.10241871143842174
Q | 2.0sd | no cross | hold 46,-0.29732695431666634,-0.019823834237784648,-0.12059247120721506,220.0,-0.036186364084844935
Q | 0.5sd | TEMA20/EMA100 within 12 | hold 23,-0.29813237719299346,-0.008742549987181674,-0.053875299446769054,141.0,-0.024899979137194276
Q | 2.0sd | TEMA20/EMA100 within 3 | hold 12,-0.2982421431761005,-0.0003629216168837734,-0.0012302134102852857,2.0,-0.07287235640602747
Q | 1.0sd | EMA20/EMA50 within 3 | hold 23,-0.3081232487585259,-0.0036507385976401532,-0.013805659626518918,37.0,-0.03962406114126808
M | 0.5sd | TEMA9/EMA50 within 6 | hold 23,-0.3097358872109612,-0.019270802694255042,-0.08865050379359551,348.0,-0.022238246130480418
Q | 2.0sd | EMA20/EMA50 within 6 | hold 23,-0.31412935538367676,-0.00179840737566914,-0.006601547150286491,7.0,-0.10317393787852432
W | 0.5sd | TEMA20/EMA100 within 6 | hold 12,-0.3143455635622517,-0.008106637759405183,-0.023037101207032507,139.0,-0.023421027213994645
Q | 2.0sd | TEMA9/EMA50 within 3 | hold 23,-0.3210580791719982,-0.0031747804294510206,-0.007260040576876348,22.0,-0.057952341172518636
W | 1.0sd | no cross | hold 46,-0.32397125239067176,-0.05022253828103037,-0.18650420725148242,946.0,-0.021320014405014732
W | 2.0sd | no cross | hold 12,-0.32615524167244003,-0.02925327138768765,-0.09753962654426362,1205.0,-0.00974916375035892
W | 2.0sd | TEMA9/EMA50 within 12 | hold 23,-0.3389577070645309,-0.017757142483064647,-0.04710908332164865,161.0,-0.04429219213462839
W | 0.5sd | EMA9/EMA21 within 6 | hold 12,-0.3472837645229954,-0.017673567320978963,-0.0684392300440374,471.0,-0.015068960105845977
M | 0.5sd | EMA20/EMA50 within 3 | hold 12,-0.3540115458950901,-0.005584985775970584,-0.020206187517993746,90.0,-0.02492065963528322
Q | 0.5sd | no cross | hold 4,-0.3679347207756352,-0.01364954269021305,-0.04401738825398127,831.0,-0.00659624911776574
W | 2.0sd | TEMA9/EMA50 within 12 | hold 4,-0.3709683361540448,-0.012325076834084995,-0.03767372521132906,186.0,-0.026610722299227726
Q | 2.0sd | TEMA20/EMA100 within 6 | hold 12,-0.3742092202877541,-0.0005269057820194917,-0.0018222905899732966,4.0,-0.05289966779798863
W | 2.0sd | TEMA20/EMA100 within 6 | hold 12,-0.38020057147899006,-0.0035311147426687734,-0.008807003113552647,20.0,-0.07090254205517459
W | 0.5sd | TEMA9/EMA50 within 3 | hold 46,-0.3981072087801338,-0.03368587710337875,-0.0860790494628727,370.0,-0.03656167699337118
Q | 1.0sd | TEMA20/EMA100 within 12 | hold 12,-0.4029761987252067,-0.007385020722935412,-0.020367795050594717,108.0,-0.027460468002684583
W | 2.0sd | no cross | hold 46,-0.40462556417509166,-0.050085088273400455,-0.13050683410354702,727.0,-0.02766648617534619
M | 2.0sd | TEMA9/EMA50 within 12 | hold 4,-0.4047328828144512,-0.0026783807405092227,-0.009650197770279423,44.0,-0.024445538504647684
W | 2.0sd | TEMA9/EMA50 within 3 | hold 4,-0.4071179030960896,-0.009470890862307279,-0.026920974739043535,19.0,-0.20017839500114806
Q | 1.5sd | no cross | hold 46,-0.4078572917874883,-0.03997878407712452,-0.11190351671172472,351.0,-0.04574066102072306
W | 1.0sd | EMA9/EMA21 within 3 | hold 46,-0.41277942722655087,-0.019897261219293177,-0.04931406623210688,127.0,-0.06291722395302062
M | 2.0sd | EMA20/EMA50 within 12 | hold 46,-0.42110290010121615,-0.004121245430821759,-0.010825400148612552,7.0,-0.23643426167752954
W | 1.0sd | TEMA20/EMA100 within 3 | hold 12,-0.4245652934546986,-0.005537202762869744,-0.018418048819580868,49.0,-0.045381026854747146
W | 1.5sd | TEMA9/EMA50 within 3 | hold 23,-0.4314408558633886,-0.012547684819119246,-0.03486248320508445,52.0,-0.09690367091688552
W | 1.0sd | EMA9/EMA21 within 3 | hold 23,-0.4382867376955837,-0.015331518283139901,-0.042225895062202756,133.0,-0.04629280493656037
Q | 2.0sd | EMA20/EMA50 within 6 | hold 12,-0.4417228430872407,-0.001892693795183171,-0.00395813884641405,7.0,-0.1085831134198055
W | 2.0sd | TEMA9/EMA50 within 6 | hold 12,-0.44881183417625925,-0.011017175024778664,-0.032832050626453335,59.0,-0.07498911168331991
W | 2.0sd | no cross | hold 23,-0.4543833103968849,-0.052839850251274016,-0.12052282715424234,978.0,-0.021697150182705745
M | 2.0sd | TEMA9/EMA50 within 12 | hold 12,-0.45987860456407126,-0.006170731985845085,-0.018609702910848958,43.0,-0.05762994434916226
Q | 1.5sd | EMA20/EMA50 within 12 | hold 12,-0.46840376104359605,-0.006873243927603541,-0.01894608809573206,51.0,-0.05412171533407083
W | 1.5sd | TEMA9/EMA50 within 12 | hold 46,-0.4855593722773707,-0.033136510498732334,-0.08451095625870408,220.0,-0.06048728106911455
Q | 2.0sd | EMA20/EMA50 within 6 | hold 46,-0.4860233988305987,-0.003955395159433429,-0.00690436295181962,6.0,-0.2647394114647242
M | 1.0sd | no cross | hold 23,-0.4869589104064616,-0.05251507879219029,-0.14213456984509998,866.0,-0.024352642938568394
M | 0.5sd | TEMA20/EMA100 within 3 | hold 4,-0.4944444405831429,-0.006170217698731316,-0.011941715547441834,121.0,-0.020478355998675347
M | 1.5sd | EMA9/EMA21 within 6 | hold 4,-0.4979992640754517,-0.007082842890068497,-0.012116843773428143,148.0,-0.0192187821877663
W | 0.5sd | EMA9/EMA21 within 3 | hold 4,-0.501573899894433,-0.016376367630017534,-0.039940618322127586,374.0,-0.0175843349902149
W | 1.5sd | TEMA9/EMA50 within 12 | hold 12,-0.5029045141576279,-0.017370656302062745,-0.04445737091027313,254.0,-0.027463917287975724
M | 0.5sd | EMA20/EMA50 within 12 | hold 46,-0.5031697304453215,-0.022325960279235606,-0.07410527302149994,169.0,-0.053052202034813645
Q | 2.0sd | TEMA9/EMA50 within 3 | hold 46,-0.5086477905146146,-0.00699832560599383,-0.012556238660021979,20.0,-0.14052193478701897
W | 0.5sd | TEMA9/EMA50 within 6 | hold 23,-0.5087531773501568,-0.036759905164692616,-0.09953278693075185,504.0,-0.029290299844631006
Q | 1.0sd | EMA9/EMA21 within 6 | hold 4,-0.5164123375189389,-0.010655565607817271,-0.020129970180990386,159.0,-0.026912829178174804
W | 1.0sd | EMA9/EMA21 within 3 | hold 12,-0.5187397482641308,-0.011482262274317343,-0.03334487224765137,134.0,-0.03441142330493116
W | 2.0sd | EMA9/EMA21 within 6 | hold 12,-0.5256957029905888,-0.00683078075243794,-0.013119409059607068,40.0,-0.06857887025265075
Q | 1.0sd | EMA20/EMA50 within 12 | hold 23,-0.5358675905239864,-0.010609541734383852,-0.03957679895859223,83.0,-0.051333219713121346
M | 2.0sd | TEMA20/EMA100 within 12 | hold 23,-0.5366918595573914,-0.005795700192277466,-0.013544634661898924,14.0,-0.16624854293040803
Q | 1.0sd | no cross | hold 23,-0.5414124148642044,-0.04404661866892862,-0.09134646236176325,497.0,-0.035590669487524956
Q | 1.5sd | no cross | hold 4,-0.542584383938838,-0.02510416518249578,-0.0410655588331551,752.0,-0.013406268556170699
M | 1.5sd | EMA9/EMA21 within 6 | hold 12,-0.5425926745689835,-0.012680492998295111,-0.030003371224083364,142.0,-0.0358614434224085
M | 1.5sd | TEMA9/EMA50 within 3 | hold 4,-0.5491825844524026,-0.008121239816987851,-0.015214621423427555,80.0,-0.040767334795593795
Q | 1.0sd | EMA9/EMA21 within 3 | hold 4,-0.5579617923620485,-0.010447299857478116,-0.01979119014620223,121.0,-0.0346735781705623
W | 1.0sd | TEMA20/EMA100 within 12 | hold 23,-0.558641873959542,-0.016338291476177772,-0.03585672878216006,129.0,-0.05086240609662823
W | 0.5sd | TEMA9/EMA50 within 3 | hold 12,-0.5587086802036445,-0.029736415753557555,-0.07996035594916395,462.0,-0.025847980435821028
M | 1.0sd | TEMA20/EMA100 within 6 | hold 23,-0.5589745250621678,-0.010091345442750851,-0.012004011026071626,72.0,-0.05628550257971705
W | 2.0sd | TEMA9/EMA50 within 12 | hold 46,-0.5694748891253159,-0.038430069279559,-0.09432915094566952,152.0,-0.1015330777749418
Q | 2.0sd | EMA9/EMA21 within 3 | hold 4,-0.5719550376751176,-0.0036555711439485742,-0.008638549071467883,32.0,-0.04587596723308478
M | 0.5sd | no cross | hold 23,-0.5760002995954905,-0.052867324188339594,-0.13734976466033322,806.0,-0.026341000078084847
Q | 1.0sd | TEMA20/EMA100 within 6 | hold 12,-0.5810480240587218,-0.009624984456154503,-0.02258086820553795,73.0,-0.052948925144750796
Q | 1.5sd | TEMA9/EMA50 within 3 | hold 4,-0.5856011945184764,-0.00798031169232254,-0.018561197132410445,91.0,-0.03521749272907032
W | 0.5sd | TEMA20/EMA100 within 3 | hold 12,-0.5940399814583909,-0.012414061954639361,-0.023360152307123072,109.0,-0.04573696919358902
Q | 0.5sd | TEMA20/EMA100 within 6 | hold 23,-0.595690609278665,-0.011988228246470877,-0.039001249732439236,99.0,-0.04862949729609003
M | 0.5sd | TEMA9/EMA50 within 12 | hold 23,-0.5998893038616087,-0.039035260975237934,-0.11037475919300432,436.0,-0.035954277802297964
Q | 2.0sd | EMA20/EMA50 within 12 | hold 23,-0.6097802729525781,-0.005983200537287584,-0.017164114131211994,14.0,-0.1716269541875009
W | 2.0sd | no cross | hold 4,-0.6272517793114952,-0.039243615012623224,-0.09361647524789929,1565.0,-0.010070119781118388
Q | 0.5sd | TEMA9/EMA50 within 6 | hold 46,-0.6284049927072269,-0.03712200135046663,-0.06880582356736409,152.0,-0.09807713389377674
W | 0.5sd | EMA9/EMA21 within 3 | hold 46,-0.6340373713683466,-0.047554516328690837,-0.10255510947248236,314.0,-0.060819394556459315
M | 1.5sd | EMA9/EMA21 within 3 | hold 4,-0.6555550466232085,-0.00864411169646989,-0.010306566369854053,104.0,-0.033378514334659354
Q | 2.0sd | TEMA20/EMA100 within 12 | hold 4,-0.6576299876350754,-0.0013925547420404877,-0.0032721669243841456,12.0,-0.04660269176405337
M | 0.5sd | EMA20/EMA50 within 12 | hold 23,-0.6578859500311413,-0.021680356673003588,-0.054465893934087184,183.0,-0.0475768083812118
M | 1.0sd | no cross | hold 46,-0.6586982158902254,-0.08602583016439479,-0.18769584550496976,628.0,-0.05501095701039298
M | 0.5sd | TEMA9/EMA50 within 6 | hold 4,-0.6603684751053628,-0.021331708580733376,-0.03713840272534075,427.0,-0.020062162265066512
Q | 0.5sd | TEMA20/EMA100 within 6 | hold 46,-0.6719663057734321,-0.02341983512849009,-0.05943888719601109,92.0,-0.10222943905293297
W | 0.5sd | no cross | hold 46,-0.6747672933577421,-0.08951235669731605,-0.20350473595514407,872.0,-0.04122365342293026
M | 0.5sd | EMA20/EMA50 within 3 | hold 4,-0.6793843331871886,-0.006118372313521057,-0.011084470709863847,92.0,-0.026707180733623655
Q | 1.0sd | EMA20/EMA50 within 12 | hold 12,-0.680979681160241,-0.008638380933864102,-0.013907897904218203,84.0,-0.04129838201563902
M | 1.0sd | no cross | hold 4,-0.6847578442857664,-0.03573970344969331,-0.05158778474368164,1504.0,-0.009542959486630788
M | 1.0sd | EMA20/EMA50 within 3 | hold 4,-0.6891924648706954,-0.003559953146114514,-0.00481084504817364,38.0,-0.037621894150667204
Q | 2.0sd | EMA9/EMA21 within 6 | hold 12,-0.7168397497112683,-0.006747903008956816,-0.010084398688585683,43.0,-0.06302028280790233
W | 1.0sd | EMA9/EMA21 within 3 | hold 4,-0.7251149106523052,-0.01243536934372854,-0.026750350109850163,137.0,-0.036451725686054016
M | 2.0sd | TEMA20/EMA100 within 6 | hold 4,-0.7259436499706546,-0.0006671969671405238,-0.0008926530651031106,2.0,-0.13396891483059722
Q | 0.5sd | EMA9/EMA21 within 3 | hold 23,-0.7294618007342566,-0.025163022724290447,-0.045147319037471045,102.0,-0.09907010191791908
W | 1.0sd | TEMA9/EMA50 within 3 | hold 12,-0.7313080009346864,-0.022684283965948987,-0.05481721512219029,154.0,-0.05915402848263342
Q | 1.0sd | no cross | hold 12,-0.7376200612074613,-0.04666030730902492,-0.08478787330454562,633.0,-0.029602191000735478
W | 1.5sd | TEMA9/EMA50 within 6 | hold 46,-0.7411956950259267,-0.03834493742630857,-0.0596238257321835,102.0,-0.15096901912318808
W | 1.5sd | TEMA9/EMA50 within 6 | hold 4,-0.7462372696453867,-0.019778434599073268,-0.03542358068671103,124.0,-0.06405458209889321
W | 0.5sd | EMA9/EMA21 within 6 | hold 4,-0.7501493785885996,-0.02620397266582972,-0.042606639421024384,503.0,-0.02092084030564208
M | 0.5sd | EMA20/EMA50 within 6 | hold 46,-0.7568466821149692,-0.026315519901597282,-0.054644989957676415,118.0,-0.08955914090804563
Q | 0.5sd | TEMA20/EMA100 within 3 | hold 46,-0.7600778739673609,-0.019115733719689717,-0.04507898893179696,67.0,-0.1145766555574864
Q | 0.5sd | EMA9/EMA21 within 3 | hold 46,-0.7637133424900866,-0.03155332138375382,-0.05596880523211556,92.0,-0.1377327520719413
M | 0.5sd | EMA20/EMA50 within 6 | hold 23,-0.7826856506597613,-0.02038180050688532,-0.04875143753613387,129.0,-0.06345017261279667
M | 1.0sd | TEMA20/EMA100 within 6 | hold 12,-0.7901012634767142,-0.012291373952346113,-0.019498996997931894,74.0,-0.06670350943679892
W | 1.5sd | TEMA9/EMA50 within 3 | hold 4,-0.8003979828059248,-0.018499723749455133,-0.03540368299060692,55.0,-0.13507734801189458
W | 2.0sd | TEMA9/EMA50 within 6 | hold 4,-0.8043515824109724,-0.020554180174209347,-0.03167523041697773,61.0,-0.13531635659835975
Q | 1.0sd | EMA9/EMA21 within 12 | hold 4,-0.8047436485672722,-0.018209042634012615,-0.026219541273330704,279.0,-0.026209750164448944
M | 0.5sd | EMA9/EMA21 within 12 | hold 4,-0.8057505842198791,-0.02532120349298604,-0.03860133776187569,521.0,-0.0195176080301175
M | 0.5sd | EMA20/EMA50 within 3 | hold 46,-0.8068251910936451,-0.02359684864439567,-0.03557387529370115,83.0,-0.114171021362251
W | 2.0sd | TEMA20/EMA100 within 6 | hold 46,-0.806895242065243,-0.021993586407317165,-0.041351604991349045,20.0,-0.4416172508770827
Q | 1.0sd | TEMA20/EMA100 within 12 | hold 4,-0.813694192727671,-0.01062381622363358,-0.01904954344755161,129.0,-0.033072788293088407
Q | 2.0sd | EMA9/EMA21 within 6 | hold 4,-0.8231281577441263,-0.005785904687077148,-0.009255166104087276,45.0,-0.051634352233880756
W | 1.0sd | TEMA9/EMA50 within 3 | hold 23,-0.8266600889182564,-0.0410852958736759,-0.06820593041726164,147.0,-0.11224036125731565
M | 0.5sd | EMA20/EMA50 within 6 | hold 12,-0.8268445656244967,-0.015447043469405331,-0.0301590546703685,131.0,-0.04735371377389495
M | 0.5sd | no cross | hold 46,-0.8315598702650278,-0.09194378098553128,-0.1765911640699228,570.0,-0.06477799105914625
M | 0.5sd | TEMA20/EMA100 within 3 | hold 23,-0.8340784550340415,-0.021502951289538,-0.04551036513021822,114.0,-0.07574835249586627
W | 0.5sd | TEMA20/EMA100 within 6 | hold 4,-0.8361338022708061,-0.01448770227548207,-0.028853613210507834,153.0,-0.03802664877785001
Q | 1.5sd | TEMA20/EMA100 within 3 | hold 12,-0.8406029921389382,-0.007870460251524377,-0.012641163650751519,32.0,-0.09877115295811845
M | 2.0sd | TEMA20/EMA100 within 12 | hold 12,-0.8502070241010927,-0.003343397207557227,-0.004293303591959563,14.0,-0.09590470447981617
W | 1.0sd | TEMA9/EMA50 within 6 | hold 23,-0.8548490965810492,-0.046770211499713644,-0.07204290157782534,209.0,-0.08986757431022671
W | 1.0sd | TEMA9/EMA50 within 6 | hold 4,-0.8584191691935732,-0.02301962521729867,-0.045066822539039486,240.0,-0.038518288227358206
M | 2.0sd | no cross | hold 46,-0.8648737153736867,-0.09275069403202875,-0.14804566272079434,386.0,-0.09649611641624832
W | 0.5sd | no cross | hold 23,-0.8649030532333146,-0.10729309397403321,-0.22891589988519367,1285.0,-0.03353116271438502
Q | 1.5sd | EMA20/EMA50 within 6 | hold 12,-0.866356336023438,-0.00837696603738233,-0.01113212878673342,31.0,-0.10851881246583354
M | 2.0sd | no cross | hold 23,-0.8852083703557864,-0.06965547001453586,-0.12343476510032869,494.0,-0.05662500454237378
M | 1.5sd | no cross | hold 12,-0.8957394777437285,-0.06733021533547337,-0.087513223635729,957.0,-0.028253876167047748
W | 0.5sd | EMA9/EMA21 within 12 | hold 4,-0.8987777635077288,-0.0364058804306278,-0.05871125421886869,735.0,-0.01989134596468811
Q | 0.5sd | EMA9/EMA21 within 12 | hold 23,-0.9024517193107789,-0.038817406921070136,-0.07126049976305515,224.0,-0.0695918647323607
W | 1.0sd | EMA9/EMA21 within 6 | hold 46,-0.9046314706467522,-0.05341411407487649,-0.08632436632027751,203.0,-0.10566714255175345
W | 2.0sd | TEMA20/EMA100 within 12 | hold 23,-0.9048610819833118,-0.02162606366204502,-0.03166334385146152,65.0,-0.13361157769224394
W | 1.5sd | no cross | hold 46,-0.9088220528455847,-0.12786391495386787,-0.18789401198389433,885.0,-0.058020931725098354
W | 0.5sd | TEMA9/EMA50 within 3 | hold 23,-0.914136358419939,-0.06005310299502654,-0.09507375135226248,420.0,-0.05742038948504048
Q | 0.5sd | EMA9/EMA21 within 6 | hold 23,-0.9146849541531508,-0.03576608375002934,-0.060280324590986756,149.0,-0.09639734940617262
W | 2.0sd | TEMA9/EMA50 within 6 | hold 23,-0.9260068570985782,-0.025130386106955702,-0.049654901396629536,59.0,-0.171051592280328
Q | 0.5sd | TEMA20/EMA100 within 3 | hold 12,-0.9273439913710153,-0.01457694734194452,-0.025328951866105176,72.0,-0.08130440206155122
W | 0.5sd | TEMA9/EMA50 within 12 | hold 23,-0.9321821653190957,-0.07363002202650315,-0.13989425474407535,597.0,-0.04952911534579058
M | 2.0sd | no cross | hold 12,-0.933541592606669,-0.05706482898168735,-0.0760233762273701,605.0,-0.03787853005999448
W | 1.0sd | TEMA9/EMA50 within 12 | hold 4,-0.9358382227401172,-0.03187973578540637,-0.06009469359712205,444.0,-0.028834452858958276
W | 0.5sd | TEMA20/EMA100 within 3 | hold 4,-0.9434924270056649,-0.014089462108347902,-0.022130436568075895,114.0,-0.04963288656936813
Q | 0.5sd | TEMA20/EMA100 within 12 | hold 4,-0.9833621665159759,-0.015358555143162162,-0.017599413351429782,160.0,-0.03854875447638914
M | 2.0sd | TEMA20/EMA100 within 3 | hold 12,-0.9980217586956908,-0.0013771629527065535,-0.0013826278850586071,1.0,-0.5530511540234255
W | 0.5sd | TEMA9/EMA50 within 6 | hold 12,-1.0006071035472213,-0.056008057758831706,-0.09782060009021942,564.0,-0.03987965386970735
W | 1.5sd | TEMA9/EMA50 within 6 | hold 23,-1.01785977488005,-0.0395422404406397,-0.06561289402836012,112.0,-0.14178269318993544
W | 1.5sd | EMA20/EMA50 within 12 | hold 23,-1.0193849824556038,-0.02144226799882433,-0.033561888346546165,48.0,-0.17939463636582528
Q | 2.0sd | TEMA20/EMA100 within 3 | hold 4,-1.0213845550196625,-0.0009409684895044185,-0.0009446823907968138,2.0,-0.18894049828937926
Q | 1.0sd | TEMA20/EMA100 within 3 | hold 12,-1.0229555196894604,-0.014679075911111516,-0.01924893508868708,50.0,-0.11789860969876868
W | 1.5sd | TEMA9/EMA50 within 12 | hold 4,-1.0280591889253803,-0.032452525168471406,-0.0444271836258574,286.0,-0.045568258783567926
M | 1.0sd | TEMA20/EMA100 within 12 | hold 4,-1.0295016030880038,-0.013435692363282762,-0.020926459258443275,144.0,-0.03746946834116555
W | 1.5sd | TEMA9/EMA50 within 12 | hold 23,-1.0316438504549548,-0.05459404494434479,-0.07692822298028035,242.0,-0.0905961784790714
M | 0.5sd | TEMA20/EMA100 within 12 | hold 46,-1.0339938690337458,-0.051617369992285694,-0.08256824070050806,207.0,-0.1001395185035525
W | 1.0sd | EMA9/EMA21 within 12 | hold 23,-1.0345677736054621,-0.06666493255267966,-0.09305856858481543,357.0,-0.074991009451905
M | 0.5sd | TEMA9/EMA50 within 12 | hold 4,-1.0376778523724175,-0.03554307808695037,-0.051297921284947146,591.0,-0.024151690049145767
Q | 2.0sd | EMA20/EMA50 within 12 | hold 46,-1.0391781515418752,-0.015356475074357008,-0.02597383484339033,14.0,-0.44049752764312045
Q | 1.0sd | EMA20/EMA50 within 6 | hold 23,-1.0450644082406766,-0.017830738915058465,-0.03033837072302714,55.0,-0.13019269684010945
Q | 1.5sd | EMA20/EMA50 within 3 | hold 12,-1.045271925932117,-0.007682892797567351,-0.012902706770047234,20.0,-0.15426760934797934
Q | 0.5sd | EMA20/EMA50 within 3 | hold 4,-1.0517522948179707,-0.012619937451524111,-0.01645555536991672,62.0,-0.08174204237674347
W | 0.5sd | TEMA9/EMA50 within 12 | hold 12,-1.0698389061483364,-0.062489949561597015,-0.10287308754855307,673.0,-0.037288514443935106
W | 1.0sd | TEMA9/EMA50 within 3 | hold 4,-1.0720596119898727,-0.028399876105771753,-0.04899179305625234,166.0,-0.06870499765500337
M | 1.5sd | TEMA20/EMA100 within 3 | hold 12,-1.07409445649549,-0.005611826876527294,-0.008320092672025492,7.0,-0.3219483446170987
Q | 1.0sd | EMA20/EMA50 within 6 | hold 46,-1.0829397400527074,-0.02555657385122414,-0.03458780143877094,52.0,-0.19736914482172485
M | 0.5sd | TEMA20/EMA100 within 6 | hold 46,-1.0895878390677833,-0.04298346635811516,-0.06385647586861443,150.0,-0.1150774284508268
W | 0.5sd | TEMA9/EMA50 within 3 | hold 4,-1.0904304802749794,-0.036813958573191356,-0.052577961591069866,498.0,-0.029686783703121732
W | 2.0sd | TEMA9/EMA50 within 6 | hold 46,-1.1146535325629712,-0.04479529047541825,-0.06641299374462106,58.0,-0.31015896251452696
M | 0.5sd | TEMA20/EMA100 within 6 | hold 4,-1.1159037187115741,-0.015254134657081482,-0.02054435844046909,175.0,-0.03500495299992395
W | 0.5sd | TEMA20/EMA100 within 12 | hold 4,-1.121216364666613,-0.024325971326865453,-0.030448158082755805,256.0,-0.038160160873617045
Q | 0.5sd | TEMA20/EMA100 within 3 | hold 23,-1.134664393161009,-0.022421303593155428,-0.04526935337711202,70.0,-0.12863015440064232
Q | 0.5sd | TEMA20/EMA100 within 6 | hold 12,-1.1378023188658,-0.018619169340792562,-0.03238626585022808,103.0,-0.07259438809093106
Q | 0.5sd | TEMA9/EMA50 within 3 | hold 23,-1.1534590939815537,-0.04033274240356038,-0.05294769497646623,128.0,-0.12653997802704334
M | 0.5sd | EMA20/EMA50 within 3 | hold 23,-1.1539670058655285,-0.025385084578083496,-0.04039856810389375,88.0,-0.11584463200315882
Q | 2.0sd | EMA9/EMA21 within 12 | hold 23,-1.162572704953927,-0.02069858923242625,-0.023096385200423675,67.0,-0.12406403875394081
W | 0.5sd | TEMA9/EMA50 within 6 | hold 4,-1.1670243595759708,-0.04314327641877469,-0.0625312771097506,626.0,-0.027676983959506046
Q | 0.5sd | TEMA9/EMA50 within 12 | hold 23,-1.1682100537586073,-0.052943031866819076,-0.087046133574053,245.0,-0.08678060940916897
Q | 1.0sd | no cross | hold 4,-1.1733982673094436,-0.04802404506885545,-0.05945980708991705,824.0,-0.023405153726345402
M | 1.0sd | TEMA20/EMA100 within 3 | hold 23,-1.1759441882351238,-0.020061705356848866,-0.02314820073931223,50.0,-0.16113052238992898
M | 0.5sd | TEMA20/EMA100 within 3 | hold 12,-1.176854347434546,-0.020285126460258825,-0.030561311827240756,120.0,-0.0678854099794376
Q | 0.5sd | EMA20/EMA50 within 6 | hold 4,-1.179498917326503,-0.014007443298961463,-0.018419032448537487,84.0,-0.06696680186389362
Q | 0.5sd | TEMA20/EMA100 within 6 | hold 4,-1.1859329734927944,-0.017789210614310005,-0.021893346795299085,106.0,-0.06739548196197112
M | 1.0sd | EMA20/EMA50 within 6 | hold 4,-1.2023646235486483,-0.009730644593169972,-0.011353381896395676,64.0,-0.061057864138690535
M | 1.0sd | TEMA20/EMA100 within 3 | hold 12,-1.2046400590236186,-0.01684563403683151,-0.021068963299354926,51.0,-0.13264691600741899
Q | 0.5sd | TEMA9/EMA50 within 6 | hold 23,-1.2049431184372672,-0.05180245820909723,-0.061212714236021704,175.0,-0.11887548233017325
Q | 2.0sd | EMA9/EMA21 within 6 | hold 23,-1.2066440084939032,-0.01568587355247238,-0.02127489362654289,42.0,-0.14998208649945247
W | 2.0sd | EMA9/EMA21 within 6 | hold 46,-1.2341228726507667,-0.03312183411516122,-0.043459128068206954,39.0,-0.3410591791264057
M | 0.5sd | EMA20/EMA50 within 12 | hold 12,-1.2357490930834547,-0.02795973546603963,-0.04406649014507569,186.0,-0.06036706838119155
Q | 1.0sd | EMA20/EMA50 within 12 | hold 46,-1.2452289188464525,-0.03880749494791213,-0.04805812914552454,79.0,-0.19727338199360595
M | 0.5sd | TEMA20/EMA100 within 6 | hold 23,-1.2661864665523384,-0.037337520432447834,-0.06158602907892896,160.0,-0.0937142129901716
Q | 2.0sd | EMA20/EMA50 within 3 | hold 4,-1.2843052399796726,-0.0015764346041720067,-0.001582195919319851,5.0,-0.12661522376365641
Q | 1.5sd | TEMA20/EMA100 within 12 | hold 12,-1.2884706087577977,-0.01762143596923878,-0.018011884372618803,56.0,-0.1263668735889289
Q | 1.5sd | TEMA20/EMA100 within 6 | hold 12,-1.2911296248193016,-0.013091930043074363,-0.01378863904479477,40.0,-0.13143882146419894
Q | 2.0sd | no cross | hold 23,-1.3029574805533188,-0.06022454314646652,-0.10105418352153983,269.0,-0.08990859394616173
M | 2.0sd | TEMA20/EMA100 within 6 | hold 12,-1.3124349437282548,-0.001967626302318841,-0.001974614712461631,2.0,-0.3950868686402117
Q | 2.0sd | EMA9/EMA21 within 12 | hold 12,-1.3145888723066625,-0.01724241786728174,-0.018354715172272273,69.0,-0.10035269658206303
Q | 2.0sd | EMA9/EMA21 within 3 | hold 23,-1.3362951074049567,-0.01563667513121992,-0.019472035162866663,30.0,-0.20931633905812902
Q | 0.5sd | TEMA20/EMA100 within 3 | hold 4,-1.337801549332572,-0.019529423447332987,-0.023606486520952208,75.0,-0.10457024618360307
W | 1.5sd | no cross | hold 4,-1.3578630013262858,-0.10040953237484367,-0.10401787820816955,2393.0,-0.016850477710010976
Q | 2.0sd | TEMA20/EMA100 within 12 | hold 12,-1.359690549064479,-0.0054568714739167525,-0.00547162250571076,11.0,-0.1992191173017227
Q | 1.0sd | TEMA20/EMA100 within 6 | hold 4,-1.3629275999289716,-0.015832625969709385,-0.019870825618746757,76.0,-0.08366028342390297
Q | 1.5sd | TEMA20/EMA100 within 3 | hold 4,-1.3640339187194082,-0.008404336968880948,-0.010190334525941314,33.0,-0.10227500015040306
M | 1.5sd | no cross | hold 23,-1.3724391781548764,-0.13713430635397042,-0.1801858335049692,766.0,-0.07189477290305134
M | 2.0sd | EMA9/EMA21 within 12 | hold 12,-1.3766436620538387,-0.023749463762521447,-0.025053762837224824,57.0,-0.16732426432519987
Q | 0.5sd | TEMA9/EMA50 within 3 | hold 46,-1.3871174893293352,-0.0724127039334031,-0.10290711497502925,115.0,-0.25286975976743953
M | 1.0sd | TEMA20/EMA100 within 6 | hold 4,-1.3882071514849335,-0.01405043555345195,-0.018612008582071904,77.0,-0.07327891558489678
Q | 2.0sd | no cross | hold 12,-1.388583055924986,-0.05006114262048586,-0.0639452847945069,342.0,-0.05878338941326894
Q | 2.0sd | TEMA9/EMA50 within 3 | hold 4,-1.3918578515377609,-0.007119240737049404,-0.007916759347795899,24.0,-0.1191248615392526
M | 1.5sd | TEMA20/EMA100 within 3 | hold 4,-1.39568584980157,-0.004884343977732506,-0.0052639668688838626,7.0,-0.2802129311488263
M | 0.5sd | TEMA20/EMA100 within 12 | hold 23,-1.4186295888834421,-0.052667620779262736,-0.08423262486382188,229.0,-0.09236090702955203
Q | 0.5sd | TEMA20/EMA100 within 12 | hold 12,-1.476639236360364,-0.028109986306007594,-0.042388139162471195,145.0,-0.07785250722955578
Q | 2.0sd | EMA9/EMA21 within 12 | hold 4,-1.4953040516956098,-0.013701245635000749,-0.013979805444928606,79.0,-0.06964868687271829
Q | 2.0sd | EMA20/EMA50 within 12 | hold 4,-1.4997146305220315,-0.009194154483468655,-0.011679899668530891,15.0,-0.24615037929286449
Q | 1.0sd | EMA20/EMA50 within 12 | hold 4,-1.5016521320369325,-0.012746816374991173,-0.01554822760020691,98.0,-0.05223428154960749
M | 1.5sd | no cross | hold 46,-1.5306815817447412,-0.16911603412155296,-0.20094229793798435,570.0,-0.11914886280354471
W | 2.0sd | TEMA20/EMA100 within 12 | hold 46,-1.5575604728333332,-0.0651659483974207,-0.07686527073959126,61.0,-0.4290133995458609
W | 1.5sd | no cross | hold 12,-1.5692548666321007,-0.17601892939132943,-0.17782516062690135,1733.0,-0.04078878642963056
Q | 2.0sd | TEMA9/EMA50 within 6 | hold 4,-1.579296511955152,-0.012018774422981743,-0.014781544995043694,35.0,-0.1379024911117633
M | 0.5sd | no cross | hold 4,-1.5869166970971125,-0.08164087526073159,-0.10317895110728881,1471.0,-0.022288197685372317
Q | 2.0sd | TEMA9/EMA50 within 3 | hold 12,-1.588883023742881,-0.012119520063875821,-0.012122967166897647,23.0,-0.21161066778195878
W | 2.0sd | TEMA20/EMA100 within 6 | hold 23,-1.59169576634341,-0.019803742879628158,-0.023457299678228405,20.0,-0.39764658321793045
Q | 1.0sd | TEMA20/EMA100 within 3 | hold 4,-1.5942657054571423,-0.01646236565795516,-0.018457503468032543,51.0,-0.12962896082983674
Q | 2.0sd | EMA9/EMA21 within 12 | hold 46,-1.6018991057172285,-0.04233747435178968,-0.05736809414472266,67.0,-0.2537640609098031
W | 0.5sd | TEMA9/EMA50 within 12 | hold 4,-1.6300378375180127,-0.06439947840893719,-0.07823680894716456,840.0,-0.03078811042604139
W | 0.5sd | no cross | hold 4,-1.6304316314527778,-0.11618670033549633,-0.14262447241392473,2555.0,-0.018261880026639688
Q | 2.0sd | EMA20/EMA50 within 6 | hold 4,-1.6314640881963056,-0.00494259337822264,-0.004954537193028075,7.0,-0.28355467680052787
W | 2.0sd | EMA9/EMA21 within 6 | hold 23,-1.6605201285159463,-0.0295909493896056,-0.03508430801133888,40.0,-0.2970837379194531
M | 1.0sd | TEMA20/EMA100 within 3 | hold 4,-1.6989470471138164,-0.015601921232843064,-0.016332915951069005,53.0,-0.11821761221651075
Q | 1.5sd | EMA20/EMA50 within 3 | hold 4,-1.7253654529338716,-0.008141963514763609,-0.009904146020049187,20.0,-0.16348545787580904
Q | 1.5sd | EMA20/EMA50 within 6 | hold 4,-1.727666480331144,-0.010976933027466516,-0.012691634610509372,33.0,-0.13358172467287294
Q | 2.0sd | TEMA20/EMA100 within 6 | hold 4,-1.7355866823756496,-0.0025051599339046653,-0.0025129929961810182,4.0,-0.2515101044753493
W | 1.5sd | no cross | hold 23,-1.7662841540891363,-0.21716143682031674,-0.21697588416141622,1317.0,-0.06621812864198351
Q | 2.0sd | EMA20/EMA50 within 12 | hold 12,-1.779972824848903,-0.011728218729276091,-0.012852728501229094,14.0,-0.33642169370825975
M | 0.5sd | EMA20/EMA50 within 6 | hold 4,-1.7872249789589811,-0.0183613715921771,-0.02126690688861621,136.0,-0.0542183358172363
M | 0.5sd | TEMA20/EMA100 within 6 | hold 12,-1.808179625613972,-0.03841538597671609,-0.05155947331410182,169.0,-0.09128479996345612
Q | 1.5sd | EMA20/EMA50 within 12 | hold 4,-1.8192958873780978,-0.01614740964864837,-0.018547780044291695,59.0,-0.10990838421060095
Q | 2.0sd | TEMA9/EMA50 within 12 | hold 4,-1.8889478511927567,-0.018322331836605348,-0.02105634146310842,66.0,-0.11148508789468865
Q | 1.5sd | TEMA20/EMA100 within 6 | hold 4,-1.937000173764765,-0.01415714511070903,-0.015295512295092739,42.0,-0.13536499293308332
W | 1.0sd | EMA9/EMA21 within 6 | hold 23,-1.9438744455357877,-0.09048829820186735,-0.11053401668815377,219.0,-0.16593128538865284
W | 1.0sd | EMA9/EMA21 within 6 | hold 12,-1.946605810368983,-0.05639355213892851,-0.07334124998905045,224.0,-0.1011023858499781
M | 1.5sd | no cross | hold 4,-1.9640721785857351,-0.10935639950184131,-0.11369295780767341,1263.0,-0.034771291676363725
M | 0.5sd | EMA20/EMA50 within 12 | hold 4,-1.9860319850264578,-0.028886931864936138,-0.0354631469730875,213.0,-0.05446302825716405
W | 1.0sd | EMA9/EMA21 within 6 | hold 4,-2.014909153372618,-0.042713097443744415,-0.053576354833114626,228.0,-0.075232620810828
M | 2.0sd | no cross | hold 4,-2.0529810996265994,-0.0775067429540371,-0.08297100636240207,771.0,-0.04037058853142979
Q | 1.0sd | EMA20/EMA50 within 3 | hold 4,-2.055541866070884,-0.010003635893252929,-0.011276305434532286,38.0,-0.10571929327456105
Q | 2.0sd | EMA9/EMA21 within 3 | hold 46,-2.063117474056229,-0.033737580437009605,-0.04538670274297485,30.0,-0.45161946299277395
Q | 2.0sd | EMA9/EMA21 within 6 | hold 46,-2.0701159955832704,-0.038517829248278755,-0.04960381157298577,42.0,-0.3682921693051596
Q | 2.0sd | no cross | hold 4,-2.077591269225404,-0.05157014184278028,-0.05686501011397804,441.0,-0.046961256474187134
Q | 1.0sd | EMA20/EMA50 within 6 | hold 4,-2.096826664067557,-0.014281281130279846,-0.016185555732907697,57.0,-0.10061721319857422
Q | 2.0sd | TEMA9/EMA50 within 12 | hold 12,-2.102803275892819,-0.02478663126877048,-0.025585680452491877,60.0,-0.1658999394444162
W | 1.0sd | no cross | hold 12,-2.213744962280358,-0.25310416030069666,-0.2720935134173599,1890.0,-0.05377958558501406
Q | 2.0sd | TEMA9/EMA50 within 6 | hold 12,-2.21536366502179,-0.021026390948813964,-0.020955754985886976,34.0,-0.24835092950746662
W | 0.5sd | no cross | hold 12,-2.30849242676525,-0.235895716442674,-0.2531505742766994,1710.0,-0.055399253931120884
W | 1.0sd | no cross | hold 4,-2.337766297406428,-0.19163404722231922,-0.1813417984634329,2692.0,-0.028587592836651087
M | 0.5sd | TEMA20/EMA100 within 12 | hold 4,-2.4346680383537254,-0.042995180358009366,-0.04634966604879698,281.0,-0.06144597317164532
Q | 1.5sd | TEMA20/EMA100 within 12 | hold 4,-2.5186494300624904,-0.02218290433863185,-0.022063707952312495,66.0,-0.13497534385940016
M | 0.5sd | TEMA20/EMA100 within 12 | hold 12,-2.572458381164402,-0.06610244189384089,-0.08094215558727735,241.0,-0.11014896791899982
W | 1.0sd | no cross | hold 23,-2.582682400961869,-0.3318572137040889,-0.3338883348022337,1441.0,-0.09248413807335568
