tsmom_12m,ema200_side,ema50_200,ema200_mom,qvwap_trend,yvwap_trend,z20_pullback
0.46463609820871493,0.01699275809609376,0.2759581716260128,0.10542582323454769,0.07890954705945054,-0.4200813785982364,0.3886904965722227
0.09983936964761617,0.005420092494414112,0.2772795906653861,0.02823598844033259,-0.22077753146267762,-0.1262673239250666,0.06280162302934811
0.36679665143607526,0.07882704440853518,0.0594793562913324,0.1876254111692206,0.010347767260001875,-0.205418339015244,0.2477293127853831
-0.7497428060526871,-0.5817836583614164,-0.664576427966571,-0.7251716713660135,-0.8051990074307861,0.13075751764737864,-0.2812205219711087
-0.3305527026837286,-0.21996072321821303,-0.1917060353363218,-0.34526213520217397,0.18367861463810825,0.061552188620684734,0.394472767627635
0.08844115733029323,-0.7590160080418739,-0.2305068914096335,-0.5693493826368471,-0.5797234003825968,-0.24443583965372545,-0.5325372963437037
0.20195747999934535,-0.009192618390158652,-0.02101946862428403,0.02604694826940014,0.24239998871788285,-0.14194707734022108,0.45692246720765595
-0.5205569211759631,-0.7299552638811075,-0.7816824508791389,-0.7870532732970821,-0.4518984707865799,-0.47349310791886945,-0.06366497778779209
0.4887396358916086,0.019520194207709493,0.3340141180262604,0.24157794954268813,0.15179419104524838,-0.18855780193319222,-0.008103955146015999
-0.7492722919248879,-0.8329543536520646,-0.6176196947460518,-0.8832870286309771,-0.5455153128527332,-0.5974829797572099,-0.634869828733832
-0.4378591878773792,-1.031490697951316,-0.8119063390589014,-0.8677251926283504,-0.5429212069716911,-0.42431888103528803,-0.5809993556708966
-0.10393361544777177,-0.6450507265580921,-0.26704347613234514,-0.4512894129437696,-0.34989875894303796,-0.0890895008952608,-0.5523430185536337
-0.43881808811210854,-0.3494629817474761,-0.13107198458842645,-0.48792014298895925,-0.2984493733130131,-0.22177785382691217,-0.5858494461772364
-0.07803340035383953,-0.11138586870644664,0.06387364716771728,-0.16071132579111375,-0.1920737244324593,-0.28406375265140643,-0.09785703813591393
0.6116677444669096,0.20913758005481248,0.6414704743892987,0.35607922238211537,0.015187598033934787,0.16127152341244866,0.14737580956620272
-0.015770610921110293,-0.5988731350475687,-0.29861386799457246,-0.388837212053258,-0.10873495351752059,-0.11716472214929378,-0.04527176800262838
-0.21458008271419488,-0.01791104239117945,-0.1987785342664713,-0.35423286152654465,0.17730914100813347,-0.6218825447743701,-0.12578727079782123
0.10862625339284222,-0.23912436504899154,0.16285710610427234,-0.21037604403664284,0.056764283342808114,0.34651881453583955,0.3834317127084293
-0.36104386276248357,-0.4527881923319502,-0.26987617265762226,-0.3182719501771852,0.19954302529324874,0.40171884383137946,-0.46392402833666824
0.8455999000237591,0.15012527162964592,0.4654317303924082,0.32282780800887106,-0.08479872748591671,0.11417317673932666,0.46006663805913206
-0.71519705159667,-0.8031560628911236,-0.45018097602302576,-0.9437087925415768,-0.6572677480598959,-0.480766626635947,-0.7331224772060488
0.024655301466951055,-0.2582832945409047,-0.08352620058695705,-0.13303341576131134,-0.44232993437293244,-0.18403558713981996,0.09093473534899371
0.2016210900542751,0.11993123061626543,0.15862799836915611,-0.08668151550361666,0.3922177486390474,0.17166191363606967,0.09724564266292755
-0.22629020101897965,-0.047869341055535766,0.04118771879829364,-0.2847609053759141,-0.2361337808819155,0.22822623431027633,0.1983899213604908
-0.29401281560178283,-0.10280040640828722,-0.29680399481505565,-0.07247419582580238,-0.6338630602363248,-0.6256895078165057,-0.33851108441932304
0.027367170003599575,-0.171988677163683,0.1378326568294563,-0.15014377401419457,-0.3506661028192087,-0.4331084257630028,0.04068169013412608
0.002264814566071197,-0.2945735565388964,-0.2483178845675537,-0.2789955381406075,-0.39236553382067246,-0.16590825996775319,-0.1907076183148792
0.23933458611714614,-0.010357136661777308,0.19724877930956036,0.08085783411571117,0.2224083150384082,-0.49039700259735913,0.04903458581486143
0.5420514474475319,0.12587045661175478,0.6599393298935939,0.32788364882456233,-0.10280855197997384,-0.10644823526466993,0.44605156244418454
0.03549278231486458,-0.5299602980641819,-0.46248020234770487,-0.34458675898350394,-0.2888680123186962,0.15113126742559096,-0.49713220666822144
-0.13442648084402486,-0.40338941955327373,-0.13590682824914765,-0.31333409181787686,-0.3184384712221656,-0.32314898635036576,-0.1745007241892585
-0.23158381443992726,-0.1234783289296552,-0.10449932838335989,-0.29588813213858955,0.0030291490906589166,0.012698382162928084,0.12625485000499256
0.5013282282453323,-0.4022428351808278,0.04676033731959898,-0.004425227254778069,-0.09146786463359946,-0.375044683988401,0.1035249738620384
-0.006449828770603972,0.08486464792828205,0.12101154105120186,0.16433058639656223,0.27350382401357254,-0.11686296950648056,0.41673257483145215
0.028010286402498745,-0.2717012176872046,0.019907948243633712,-0.1534925228534355,-0.0011234210324701755,-0.10161762203695687,-0.07108395633235132
0.09072896242271411,-0.06059484359779158,0.21767990246300625,0.029980599281755355,0.1942039436763076,-0.30174362296482365,0.2939007480043039
-0.036354265111815005,0.19973019948939572,0.08564832207839117,0.21042371377712887,-0.04030596507698358,-0.4680256997713196,-0.4069499889851119
-0.5902609887312559,-0.511979821999414,-0.438087839779107,-0.5505685388180518,-0.45674220028908086,-0.22881521741202096,-0.39931005786469975
-0.10209097597035692,-0.22519188119741637,-0.01568653047951167,-0.42353595218876516,-0.3517458237081708,0.08891376975244798,-0.23218144146727135
0.2667979152874936,0.17502418315189786,0.2936501028066584,0.2133348452177083,-0.07180442012635196,0.36843585422835806,0.26287724990462824
0.23364927541971003,0.05427216488194252,0.20197544708765208,0.23424110817720756,-0.12873232498064716,-0.1967347230315738,0.3492066380033702
0.16958996849775052,0.10049233421086425,0.28999114096676426,0.19552838691689509,0.06584531691890368,-0.5442719849669214,0.13345037255526498
-0.18814038243716016,-0.5923667930192085,-0.32095496878550067,-0.47334227353089636,-0.21917467606639054,0.0014009076771029569,0.23244318174555237
0.2931469457859975,-0.12330109206719893,0.22665965779383077,0.05386516274889325,0.13859835345590318,-0.1073431531663317,0.5024389578869506
0.13219607343060547,0.002449243209059198,0.16239672808146613,0.07499685901140041,-0.44672493036119504,0.13051624812861506,0.49227457946400877
0.0732755816807157,-0.3935326620094241,-0.0913528941190024,-0.28144595793512694,-0.33220338795413107,-0.1418983383774882,0.28572082644766
0.1765223932313818,0.05001206398129961,-0.10410128590206441,0.0880991952685867,-0.3829426974684376,0.23968842425773865,0.1221392066870217
0.4661980990238543,-0.2364648283454507,0.3742771503325494,0.03307208572931354,0.49906652493685705,0.07212710079793341,0.4464218331913399
-0.12424486851261383,-0.5411107504419368,0.12430552982352258,-0.41486949041562005,-0.24137885985450858,0.2363494626110081,-0.1834711730645893
0.0759953572115155,-0.13596957501084792,0.013240502966545801,-0.32710047824594674,-0.5954857874910776,-0.35130581326700544,-0.04085789355953927
-0.1551425604644581,0.06794043939077833,0.029964745319967363,-0.17267543116666798,-0.05165430352267737,-0.0938187680055281,0.02602175497638016
0.22052448724007948,-0.07420816596240865,-0.12040784699006525,0.040570216338193583,-0.03527321685032199,-0.0894586407908782,0.3228969021975189
-0.4202019642790239,-0.5258529249388453,-0.3294572563968287,-0.5695566843363415,-0.41021838862186916,-0.38981301599724477,-0.30930270667098114
-0.7336142171328199,-0.6037899376356292,-0.5792464482542296,-0.6573021472206031,-0.08064883879007549,-0.12335384237579937,-0.2994043224369867
-0.2685738319057239,-0.35990271538607477,0.027616405691249415,-0.393809194923983,-0.34221653321429174,0.2136597507236698,0.17832650043910808
-0.4419254539197195,-0.16832225620605884,-0.49164480739458105,-0.42420517247417433,-0.5420360553881581,-0.20468927084732405,-0.34121101822756184
-0.28060306324704065,-0.16884606942588054,-0.18079896071238896,-0.3155196169635032,-0.2731267011790799,-0.13145710472931516,0.06228390996554805
0.13722303273488537,-0.5299955248808941,-0.1819233468685513,-0.3632247290697633,-0.06918226517484583,0.05529451702859343,-0.22123696256278574
0.4004004736936873,0.558803411032976,0.6004153849461568,0.46507142245308164,0.21723313512321218,-0.16677569145552548,0.02752446016289564
-0.18352724397090758,-0.23095928660157453,0.1529016050610516,-0.20179295340377454,-0.09721850272403065,0.19498918426743814,-0.10521703829798834
-0.051438493729531874,-0.5534208731217657,-0.100903929923575,-0.4081135501089992,-0.3862464053387611,-0.39205825966519126,-0.2457537338453274
-0.3429927251417684,-0.8607392428813706,-0.28289788263541843,-0.7209678535465269,-0.42053391712606353,-0.5611340233976372,0.015128996945703117
0.35009231085802556,0.2678542597555898,0.3963233006839136,0.2629351552407647,0.31458026110984305,-0.3069130670900049,0.2380065013863391
-0.571135067394148,-0.346660117855353,-0.27445111677674394,-0.5140868072746752,-0.1277718396874613,-0.2976403093841316,-0.2660070274080487
-0.03780244709830177,-0.618582476747042,-0.526902080191175,-0.6345093823391245,-0.7071810985443461,-0.73535473051553,-0.20109354173854374
0.1782497384543718,0.34428933935285977,0.0456113377983784,0.3571227434178761,-0.0263198936011755,0.38447679972649756,-0.02513077075556068
-0.11473495667503404,-0.31185222568695614,-0.45697482661294875,-0.2574633235866407,-0.35861438861010847,-0.2781633934247474,-0.006550543558649105
0.09852552159035949,-0.32883469899059375,-0.10680002357718271,-0.08313372445904994,-0.18592339011166265,-0.3740449403567297,0.11871651248675054
0.34388288214377316,0.13348531106839545,0.11710974996187123,0.03750937916027848,-0.36790441775293214,-0.17063238417425,-0.2718091121003546
-0.10489362622373528,-0.30654857070981817,-0.13262187148322993,-0.254014346012892,0.24828089276412463,0.023103971528002733,0.20041074383848134
0.22184344964538727,0.04524969732886169,0.38492576960276587,0.04742656356294609,-0.2344976085652356,-0.10407970957461186,0.3028534158300792
-0.03624476827545724,-0.056434751936405736,-0.06368757144563146,-0.17020097098338438,-0.12049988143826396,-0.10556942198854928,0.03269513112334645
-0.08691259466174116,-0.191341701188767,-0.09694288847663857,-0.2097423152110542,-0.14161096574035592,-0.13312603256213107,0.024081719209316964
-0.4877891734141289,-0.3982825227897044,-0.2033307244001744,-0.5529544350585478,-0.2813046364561303,0.0973334303964457,0.07991269068166204
0.5362480047923406,-0.4142431218328277,-0.12438065656473409,-0.1223066484605866,-0.4744346000651105,-0.15012150768006094,-0.39035891145178525
0.03492546839545861,-0.24917450187385407,-0.2555882863809816,-0.2660494064335085,-0.29293753402174466,-0.44853805627487064,-0.17516461879266249
-0.4533543613698716,-0.6710476986425866,-0.32110502725362383,-0.5890297884034769,-0.7248654188969691,-0.5552755111562259,-0.02055980432688783
-0.3563787999166823,-0.8139710310691382,-0.09947946279043017,-0.6578302401024804,-0.15301078760488743,0.14840156429965567,0.3341865169062756
-0.0983471316193135,-0.10310114394667894,0.003299581265445481,-0.2990084016706597,-0.46657297278188176,-0.4137328813234464,-0.401656505209224
-0.32045635273902934,-0.4934184058983218,-0.5197690310808615,-0.5730438864444255,-0.1402196778248548,-0.27575910821347654,-0.5677831679333932
-0.17457174812971837,-0.13465441310460488,0.08697421800881999,-0.10490597951874586,0.01625968290722003,-0.021461199543583134,0.19095939627253777
0.3368530912071697,-0.16460938778395065,0.06090678564733421,-0.0015727402534773023,-0.04935239400046443,-0.1255342238065109,0.005730612897050228
-0.33936113252410444,-0.7972708464010057,-0.6265323086153365,-0.6425067477152486,-0.6505735941776227,-0.197501181821783,-0.32122814935384736
-0.03866828908727275,-0.26322579261940726,-0.22517732185912878,-0.19709478725500998,-0.5932572890981228,-0.5453381569996884,-0.5013969775988171
0.07249901055294211,0.07532031377097062,0.20266287847260783,0.09211190528546388,-0.1034708278485163,-0.10753918010345875,-0.15533509513195534
-0.07573876527061188,-0.17291052438087268,-0.023753348300015457,-0.09693213363876547,-0.061664756060141546,0.004121918807161183,0.19901184361296684
-0.21883302485200715,-0.18668499684885892,0.08241784482816274,-0.23662908273952146,-0.10418555661276188,-0.34749406412351597,-0.03501823087666585
-0.2328359225134935,-0.5668490780386906,-0.5535323577358874,-0.3150707908136556,-0.5317875067379806,-0.49565281927631605,0.12293317682990378
-0.41725990201055774,-0.8586006118928056,-0.6727705645064559,-0.6823116239255155,-0.36179377984545075,-0.15856767744138814,0.3533456701706146
0.42609937181707985,-0.13852503280058895,0.40976989822955184,-0.029570761569604167,0.4752384416609371,0.07543237169237729,0.22808351962902013
0.2999073853717793,-0.02516968935943313,0.016010900318788757,-0.03377645337808763,0.3584797680973864,-0.040065616111125454,0.1492265005085917
-0.4387253371631819,-0.28198290297025214,-0.06860715783301326,-0.3663319678101664,0.028947682313460944,-0.2422988382791002,0.03561841414287476
0.03936568559318873,-0.3395150681042661,0.22361619006633457,-0.23094010012571362,-0.15616487220244382,0.041208465476471404,0.3202967398888952
-0.18337284683455357,0.17263963939727917,-0.06587425267495721,0.012210316997405561,-0.3392370444559141,-0.25980194661853495,-0.28427871079864164
0.101358290886768,-0.3884281174398146,-0.11533312032830328,-0.15657491944235183,-0.22040847083846754,-0.013775405489590609,-0.3392780239863475
0.2685824060298254,0.07324072659115602,0.1649111303372298,0.11500093456375579,-0.08063229369330015,-0.43186155850781693,0.13937655054535006
-0.5239100575034897,-0.986944667578124,-0.5049561866393513,-0.8387146899535854,-0.1690797084328838,-0.2927188325879274,0.2938953802613939
-0.24263443057675632,-0.47258512589491974,-0.5621937189992361,-0.48234368281955176,-0.24450942133492592,0.0336228185523784,-0.14303792400079426
-0.28326644464760553,0.07737180813273685,-0.07290898252607741,-0.17621456459259624,-0.25658641459147463,-0.13131881207111715,-0.3406582420521792
-0.24542430827922898,-0.07657779878850036,0.06943257563804214,-0.21777703921195676,-0.11423435562971053,-0.037926795077189324,-0.23893917030123726
-0.1328268784986678,-0.500162764370959,-0.17192991482420647,-0.3513339067355749,-0.25984766888465777,-0.20936629254296052,-0.02044542759137208
0.004555521075398023,-0.11323976008075141,0.2766381856034651,0.08213531215849278,0.0765666559704801,-0.07219230416379467,0.2634914612416029
-0.03529886115717878,-0.22513006358395793,-0.0031877329406822955,-0.22337642988055914,-0.28179694069437367,-0.2650275341852771,-0.112635281364026
-0.5239193015539422,-0.3463071326351427,-0.1419202610203818,-0.5013254335539921,-0.31199523809164337,0.0812346411168953,-0.3548188963765601
-0.287660953223498,-0.4381729163537794,-0.24646751170409475,-0.4781719559375405,-0.36854769878681276,-0.03561209341196013,-0.21325253700386032
0.1413598491780447,0.11872295681786803,0.22544861913361713,0.13501454314217332,0.36098753052226346,-0.02433156167730246,0.3027588449783391
0.1385680761107394,-0.32726349554635314,0.1581410257955456,-0.1820386902330056,0.19350382165778504,0.10989257341903592,0.04475126798516582
0.5916395765999495,0.36344576876315193,0.7616554510784598,0.547089580108315,0.13440906515094972,0.1964799626991091,0.26099679675659937
0.5714922007468052,0.01885861509868664,0.4847904534449908,0.38867420139171105,-0.23475469890032616,-0.1220127223965629,0.369241816152456
-0.41580392295550167,-0.007419964579800902,0.010023056008135805,-0.18212437551893926,-0.47206133160774866,0.1532065838577055,-0.505114088930241
0.25487727400391197,0.14548959872876005,0.42519492485191995,0.16124358055346574,0.410191383763791,0.19796008076176444,0.3723344010267683
0.4150860073055975,0.03351995936711645,0.0797117627952786,0.17710950489330096,0.3606223258366002,0.07966213989391492,0.5058323891588782
-0.5887127697734208,-0.848130668703171,-0.6411930889025629,-0.752997740916608,-0.4080293597534722,-0.3168495125863429,-0.42568497737443706
0.2524723788856963,0.18442252436140116,0.34896724637156784,0.18156720228643075,0.2834424211138059,0.1621111544848612,0.2729496412798244
-0.10098718171374045,0.09930612964535177,-0.33539401470902225,0.10594915562627027,0.3351000851903009,0.022539915884671264,0.06434379737751379
0.25773669506442815,0.42440650151590836,0.3451597008318771,0.3971377461231864,0.3089067227220193,0.1810011507309511,0.4802265531383344
0.4566371590240993,0.2033642319988109,0.40108416070341213,0.23371171961104398,-0.11966421224776276,-0.10694990736008443,-0.3377470302905341
0.31720114371363517,0.312506205490575,0.22641430480813207,0.34414725835509075,-0.019562065729812766,0.24558650381708994,0.36717559181999526
-0.5920381248055843,-0.6578853327584534,-0.18318812627852724,-0.6881113429239475,0.0519297811728138,-0.1813799775565623,0.07328021031572088
-0.331787986447947,-0.3734180697441786,-0.36817690413143506,-0.3958400769519509,-0.2528461893016578,0.023346044284412316,0.05677113567384454
-0.23462994283882568,-0.4256361874824174,-0.12269239787965411,-0.30256250830836096,-0.2151995940784615,0.1730077158258206,-0.2704773965408139
0.009617285420132033,-0.30556195852849544,-0.12797193788932223,-0.19574087533580042,-0.49713484853509565,-0.4510995300685104,0.3526182806588502
0.21503477764755852,0.009800069182974337,-0.0039378140780553525,0.08316121469072309,-0.41444438759736,-0.44662905685595,0.057256046483302646
-0.416329662349758,-0.24691255554083014,-0.05492603196294051,-0.4518266126498094,-0.2671179175270169,-0.06000880548620782,0.016820102282507392
-0.5645920082430887,-0.6197663197881415,-0.5376666528059869,-0.9548754559719306,-0.5660256451118746,-0.49873766812418163,-0.859034346574012
0.10538072083314821,-0.2823343021257776,0.21768448823380893,-0.19703682624752603,-0.30734767552846415,-0.1227283805359447,0.22169646245714836
-0.19134885353076858,-0.15723331503875773,-0.1715975618108846,-0.2109810847281396,0.06775521691249396,-0.03726853773141998,0.12881148946484852
0.3105363672358166,-0.0710179369396207,0.2759800499284863,-6.662083168606311e-05,-0.05214946953032579,-0.1739732046397423,-0.059155508680587006
-0.21894958688429267,0.012085093547390381,-0.26105537887312574,-0.1249931172208862,0.3858381814591865,0.019757682918846144,-0.07462243693170517
0.40583177859420777,0.33695326523818153,0.6316950245717481,0.46983272588501984,0.22924860987085527,0.13365302622981054,-0.0821989927677786
0.0384450988512424,-0.12581251114052033,-0.07117098901340493,0.07280755512102309,-0.2030753327242802,-0.4151959315280876,0.23194323268503408
0.3909242140386766,0.1574529481666917,0.3869393090639281,0.1680749204811992,0.19763377006276406,-0.039333437170479706,0.1831882564949565
0.0168393574170868,-0.10710934185410295,0.12004669673946126,-0.12653013439389232,-0.11365988784293203,0.022377932616778524,0.43857068635974045
0.29265582980441107,-0.24117423118046577,0.4305740982856669,0.04568894301532282,-0.005351208258617104,-0.13017101689211988,-0.16781811314249567
0.12819247166181386,-0.05050933179345846,0.008143787603454213,0.15671322785025413,-0.15966908877391206,0.355198021913915,0.05201976806667903
-0.1084714276961413,0.11816238386970389,0.10457649483026249,0.16377413535363997,-0.34014495977121356,-0.25454084449457515,-0.1847556860542061
-0.26544630704225736,-0.255446141498201,-0.009442469607966693,-0.24973214674570834,-0.3206266738550879,-0.3579481618679826,0.15691419010782168
-0.24026800406970664,-0.874912174059868,-0.3768510277936923,-0.7381178945650338,-0.5102602261927227,-0.37393079619724523,-0.29965999555524986
0.010611992222187911,-0.2297880654884254,-0.14487054201689384,-0.20994544436549745,0.08080823728037366,-0.10522518646747682,-0.10895585222660721
-0.1684319371153608,-0.060822939668235654,-0.00390360138656867,-0.07015185211075627,-0.3952045152694068,-0.46876779435521826,-0.10936993793749092
-0.22476264649255664,-0.3189071983019856,-0.19449333307701883,-0.4764812619563256,-0.35670115134120084,-0.13521378090570463,-0.24879288246831963
0.0061466755843796635,0.4022078170535715,0.2337225925246683,0.14275768746004117,0.3289930047959418,0.22860090108802972,0.4512098903229833
0.32028818146321736,-0.13684264328365456,-0.06640379662744415,-0.04606891186233422,-0.054115450278081165,-0.12097130912573284,0.17549023934267308
-0.38147802176164347,-0.5948395299878221,-0.27602892105031324,-0.6175784823346719,-0.5436555380589847,-0.2707081566883392,-0.5342529946324862
0.11041092347719782,-0.5204557586371295,-0.03241793566623545,-0.41898668413081624,-0.141390560579413,-0.30825672639587776,0.38296778617703614
-0.45447739513723173,-0.3250843146046694,-0.44747094721094294,-0.4332202653265428,-0.43278416428680877,-0.1671591509024442,-0.1539416166410302
0.3952655433843854,-0.219999307225987,-0.2493708440388511,0.0026388933446214653,-0.07333589901912,0.010263910112159635,-0.1853704030637383
-0.07696877936374914,-0.037554554505684,-0.16815084059456223,-0.12157655176602845,0.12713835366387144,-0.36010241217679717,0.09208089560997601
0.3109782024903984,-0.14843969110238925,0.12193409703797146,0.07667813076534413,-0.07896804612526048,-0.1381890430603461,0.2233599632138181
-0.7075085808527091,-0.3902976163644958,-0.6578054945416341,-0.7376093582685235,0.0736092040077274,-0.31291683072515053,0.01816092742579137
0.3148793743772208,-0.5510275733241756,-0.06753558934141965,-0.31023031076314084,-0.13664803965122982,0.1961213113040525,-0.14689139162730924
-0.12181998876098057,-0.3015108666512703,-0.04169785278839074,-0.2721421875223148,0.24527901367828012,0.1691786381885778,-0.2194051157204529
0.056205106091551785,0.27021841834624,0.09249620111484233,0.21848711544691754,-0.5211130809602716,-0.802995374045236,0.13099509075787405
-0.2743636709344779,-0.11039766851601229,-0.1659517048013954,-0.19495204477969144,-0.08025311407447107,-0.4395790488689423,-0.17597751335370163
-0.41623433815620503,-0.28895044953741195,-0.06558236251824145,-0.3659739406706379,-0.42362272675591645,-0.721703802412257,-0.08235782592519414
0.02688016608204257,-0.0486663309698364,-0.2333254830833343,-0.10017314048517548,-0.143215924169924,0.05215919215480395,-0.23515435673670673
-0.45555894948004005,-0.27116157233167976,-0.17642741387343927,-0.4431820563577499,-0.28257447906393945,0.03500636746927947,-0.23875908152796335
-0.34779437767719984,-0.22180003469537873,-0.5199103610265561,-0.17547893048374996,-0.273384442031973,0.11929928068974346,-0.24776886002200846
-0.21324443059318202,-0.3411083850139536,-0.4412454537898547,-0.38742389303730057,-0.04107338609671199,0.19467220377149616,-0.11116539998687232
0.04801600560737028,0.07620658923166573,0.2786231250186693,-0.040844434623158635,1.9579219073318097e-05,-0.3087279291012204,-0.5095147016657726
0.007890170942914956,-0.07887092842726381,0.3371618765965008,-0.12432957907244853,-0.07562241947383146,-0.09551983657747934,-0.07720523659423899
0.9411386519281129,0.20332588287796177,0.71450122372155,0.5259229679782798,0.22116246266741466,0.02986441462387407,0.01860764884564101
-0.282088834069777,-0.3924945474917208,-0.33533041761305027,-0.44906313761906563,-0.6778102666146785,-0.6047485779967551,-0.4661916409092463
-0.006345588304282653,0.13068088058818664,0.05479434512141773,0.02973774355439786,0.2137979322350091,-0.19882886272653397,0.24796933956533826
0.28198640187153007,0.006849086537421334,0.24486589242980283,0.18829832606610458,-0.2592457512448948,-0.44548484452331255,0.05980034071795014
-0.2522471878526072,-0.402005821700012,-0.19294742920143088,-0.4123807170563817,0.28817984326284796,0.17507531105845248,-0.4668194279233703
-0.06492488583274891,-0.4083955676340094,-0.10143251135130914,-0.3499134443675821,0.13346671025790954,-0.10826981313271455,0.3108810994551227
-0.15218643441716642,-0.47344908717806744,-0.5591687536071234,-0.5272805879286935,-0.10038635361057957,0.12567770458853458,0.03028427936429301
0.010250141008086484,0.14458506172765137,0.15474853273355502,0.1611972519459856,0.23417259664798892,0.20978730481955335,0.2978767722494464
0.07281903245582083,0.076912656863564,0.30948615925492146,-0.029226151006256765,0.32710573656597425,-0.1306759061662634,0.36724648791470677
0.09032353238006408,-0.32442812893722495,0.06078776081317514,-0.1657121584937942,-0.06301177823223014,0.17060201475973447,0.11207856196976097
-0.25249186868323614,-0.1589478025171877,-0.2668745840686401,-0.21653829183524734,-0.5927751114222591,-0.34463204686086607,-0.006459065607288752
-0.14323755210454328,-0.1843916337672671,-0.20365727348096296,-0.12872172168768067,-0.4394586667149069,-0.3083368160026836,-0.4277198875867238
-0.2862837665449815,-0.7446003559823792,-0.2573191432126922,-0.6438701447000437,0.06771829273961515,0.26065032807527766,0.18157131292808823
-0.40071053929905964,-0.1567603355764078,-0.1845668319770421,-0.37026954618760194,-0.5618001918135757,0.08239019041122082,-0.4292512830302323
-0.577655307272506,-0.8223017433781047,-0.6260579171929695,-0.9361261286701699,-0.7062295118214418,-0.4586726642794581,-0.4251676082062683
0.024175693863307413,-0.27599365764931244,-0.22867931923071244,-0.06765019142440017,-0.3822370047727123,-0.1350036657488212,-0.023065304859645495
0.1647385023270546,-0.20198534001405977,0.04497961295747918,-0.12285846914674851,0.3001302128351938,0.2788465926171361,0.26526251007294865
-0.5659078159606459,-0.1563216974046839,-0.2522935543371076,-0.414983570548551,0.07519938212684747,-0.23882289789578287,-0.06743020611159013
-0.021104350974545258,-0.5198556256254466,-0.14879894872082197,-0.4085097137399857,-0.49567698289587797,-0.40913260930446566,-0.11479136710665418
-0.3678955187771423,-0.7119934437424053,-0.11485568038581888,-0.5667266373243263,-0.11484143375904363,0.017997750324719262,-0.11021823068120955
0.23696342948035173,0.10750463739291112,0.02443945531430097,0.01904370263038622,0.27257575253984656,-0.08491464507688765,-0.14880910427668842
-0.40951502475292745,-0.3482885249494925,-0.36308968494043253,-0.5623651257134893,-0.4382156985050478,0.09593028564979884,-0.5234828875684047
-0.5762297835342135,-0.738371166382296,-0.664865297817636,-0.9628422418297824,0.07695333165564491,-0.29918331281126326,-0.25928903485249644
-0.03006726155318314,-0.11864496549738898,-0.19721269092281232,-0.05108897474952199,-0.4807001308356887,-0.47944899035772093,-0.14963112889560778
-0.15533247979844234,-0.3230889451698072,-0.23702493679648937,-0.33943258745278393,-0.47657182902097217,-0.7331570597537574,-0.3741823666595911
-0.1908226065457861,-0.9075914387388802,-0.15323468945566612,-0.5166071222239954,-0.7408547559512696,-0.24468543441390186,-0.3802148539159657
0.15526989804988148,-0.140096366875027,0.1479190503933618,-0.13881880827777032,-0.6332042577135393,-0.6470919076536245,-0.025298788435546095
0.1091917483169159,-0.21843811700640614,0.3872708626602388,0.02282083991223696,0.0989710339701563,0.029990157496636333,-0.03551447042072108
-0.26336465161974815,-0.05016728789384082,-0.29236123925449903,-0.26862132167873626,-0.38573982304066684,-0.3087073845456487,-0.05543295917736245
-0.11944159609749148,-0.5205172654732005,0.025949615567052088,-0.3108432043254323,-0.05473739286204931,-0.6587435838394254,0.17791476506033474
0.41265399352519705,0.00386412650881032,0.16971906915258614,0.1549797025765385,-0.2240445832381431,0.037926639893389374,0.06185782447448895
-0.689692284260113,-0.34824005068333896,-0.49239594164324363,-0.5917525014025631,-0.2846161140166225,0.1140840357730238,-0.5175484457015147
0.14163579037788052,-0.22310601176808184,0.04604986068553532,-0.18379519421000412,-0.003971537811285841,0.39673699127557355,-0.3252279748886963
0.4593004683497757,0.18549035053559176,0.2064629868405286,0.2538630568742236,0.044919391857150014,0.1400037553557828,-0.03434456600619761
0.37454737096747476,0.2842117059397399,0.5005049394826241,0.39349147399527423,0.4310167305791208,-0.009286381168464017,0.09226617243756581
0.10589459389801333,0.36637294794653946,0.25877758852273736,0.031237961457633894,0.26292381393022696,-0.005624382320716786,0.1790267694768368
-0.4826185092328065,-0.3314432109403053,-0.21326291105094697,-0.4560131877955042,-0.18004829658264157,-0.3774924758562919,-0.3159155252763517
0.011733514836911952,-0.4619067134758143,-0.49176051116704833,-0.3633838207935177,-0.16017502215388238,-0.27780743766547916,-0.21600037498578484
-0.1963476576175677,-0.7073608790759472,-0.37089760279224004,-0.6247598583700221,-0.2904767384863032,-0.36257333516923057,-0.25010155013470053
